wmc,dit,noc,cbo,rfc,lcom,ca,ce,npm,lcom3,loc,dam,moa,mfa,cam,ic,cbm,amc,max_cc,avg_cc,fi-changes,ostrand,scattering,intensity,ana,acm,arl,boc,fch,frch,lch,wcd,wfr,tach,ataf,chd,lca,lcd,csb,csbs,acdf,cho,is-change-prone
166,1,0,44,392,6747,16,34,88,0.886537506,8474,0.737704918,12,0,0.07003367,0,0,49.68072289,7,1.3795,59,2,11,9.5,1,6,1,0.033397065,0.360260281,0.468810422,0.994546404,0.0467513,0.571786757,0.848999838,0.491830875,0.351977438,0.778715691,0.719882598,0.051334779,0.823893357,0.180199179,0.163960564,0
64,3,1,39,183,1464,13,33,28,0.903737839,2234,0.580645161,13,0.605095541,0.139194139,2,15,33.421875,30,1.6719,70,1,8,10,1,3,4,0.70503225,0.106575892,0.717845865,0.528598619,0.220272956,0.94681073,0.43629555,0.603295184,0.666855042,0.976192468,0.143987428,0.564071126,0.313915635,0.559295556,0.766303122,1
76,1,4,128,131,2812,104,25,62,0.946666667,722,0.571428571,1,0,0.100833333,0,0,8.407894737,12,1.1579,14,3,35,10,1,8,3,0.849005044,0.051845114,0.236829442,0.545398085,0.168609096,0.480006562,0.241984602,0.646766697,0.025525672,0.736754794,0.982120981,0.438687226,0.418014221,0.602359923,0.203651797,0
15,2,0,24,41,0,4,20,14,0.357142857,205,0.5,1,0.676470588,0.18974359,1,3,12.53333333,1,0.7333,67,4,60,0,2,6,3,0.633956217,0.369659912,0.988193761,0.611503428,0.547835585,0.234673131,0.172413826,0.595239351,0.109168567,0.899236521,0.816212847,0.951090954,0.958081911,0.024737957,0.837074555,0
38,4,0,30,97,553,22,10,28,0.93799682,729,0.411764706,1,0.686956522,0.162162162,1,2,17.73684211,6,1.2895,35,2,32,7.5,3,8,2,0.757059634,0.274644327,0.784853689,0.328604005,0.137448334,0.688409501,0.743971984,0.683255351,0.125131111,0.04047919,0.518936658,0.710126758,0.53185148,0.655492645,0.584290714,1
27,2,0,20,64,167,13,11,22,0.761538462,446,1,0,0.333333333,0.102564103,2,6,15.33333333,12,1.5926,21,2,14,9.1,2,6,4,0.076987583,0.874413719,0.761550296,0.465264319,0.939148576,0.99620701,0.223378955,0.277907399,0.027784507,0.055807062,0.219194728,0.674085588,0.51207187,0.241511944,0.866600879,1
25,2,2,20,82,160,5,18,8,0.881944444,596,0.833333333,5,0.768421053,0.197916667,2,8,22.36,3,1.08,3,4,53,5.5,1,4,1,0.047656948,0.103565208,0.459476135,0.483199595,0.701409673,0.960572498,0.006256325,0.769372096,0.790160724,0.071533066,0.130883949,0.811746206,0.721465283,0.20864778,0.044098095,0
76,1,0,53,185,1998,18,46,0,0.941202186,2835,0.409836066,12,0,0.069866667,0,0,35.5,23,2.0132,68,2,18,10,1,8,3,0.452756832,0.239699435,0.024181707,0.958082727,0.369824878,0.208682939,0.733979228,0.980974732,0.226370732,0.189496284,0.744942879,0.907947635,0.283465833,0.87988605,0.83916036,0
29,2,2,18,97,114,8,10,24,0.846428571,1037,0.8,0,0.413043478,0.267857143,1,8,34.4137931,3,1.0345,72,4,53,9.1,1,7,2,0.94105744,0.501473524,0.016763193,0.3948824,0.963236571,0.076571088,0.648809407,0.598785044,0.864803969,0.563630469,0.884680118,0.013693038,0.148739284,0.650548198,0.248224187,0
13,1,0,15,96,60,0,15,8,0.763888889,1498,0.5,1,0,0.1875,0,0,113.7692308,3,1.0769,66,3,67,8.6,1,2,4,0.862500131,0.228685338,0.338331501,0.937732415,0.375646659,0.700342681,0.687309464,0.12074467,0.37210904,0.308563941,0.124383907,0.040784612,0.79748405,0.620523774,0.441839654,1
7,1,2,28,17,19,26,2,5,0.833333333,72,0,0,0,0.388888889,0,0,9,1,0.7143,9,3,31,7.5,1,6,3,0.905068723,0.144388928,0.767762457,0.474332444,0.603908145,0.814424606,0.812038443,0.825325377,0.027955693,0.740250652,0.071213047,9.90E-04,0.617513496,0.183534441,0.153006509,0
9,2,0,10,26,0,3,8,8,0.3125,143,0,2,0.6,0.222222222,2,4,14.66666667,5,1.3333,68,1,17,8.1,1,6,2,0.032442182,0.199041221,0.612728366,0.634879744,0.901198131,0.756844556,0.081528657,0.259718884,0.750577998,0.448632571,0.010368958,0.389739146,0.458119475,0.073429033,0.053791617,0
37,3,1,22,95,0,4,20,21,0.71031746,1118,1,1,0.730769231,0.126689189,2,11,29.02702703,6,1.2973,76,1,69,9.1,1,5,5,0.222428341,0.496680152,0.974010632,0.18553249,0.356271891,0.181541675,0.958543704,0.74755774,0.173098872,0.702333297,0.413549143,0.214354492,0.85971705,0.3675101,0.620227667,0
15,1,0,9,22,0,8,1,14,0.900793651,286,0.222222222,3,0,0.380952381,0,0,16.86666667,7,0.8,6,4,58,7.5,3,9,1,0.506179114,0.803133682,0.123093917,0.316403985,0.398498337,0.977708723,0.356617849,0.416167543,0.270635726,0.685382888,0.810681665,0.166809477,0.459270607,0.946891417,0.985493091,1
23,1,0,31,57,203,25,6,18,0.934343434,565,0.222222222,0,0,0.22173913,0,0,23.17391304,3,1.4783,24,2,26,9.1,3,2,2,0.808186678,0.136260462,0.493041241,0.324088394,0.728676598,0.896165337,0.924876479,0.243350469,0.038187495,0.065973917,0.524941123,0.441020546,0.071501043,0.913887076,0.281373223,1
21,3,0,16,56,104,5,15,10,0.65625,500,1,3,0.32,0.2375,1,3,22.42857143,5,1.0952,16,3,50,9.1,2,1,2,0.087061201,0.938221436,0.782650557,0.188717614,0.175633971,0.382762508,0.071137971,0.623699787,0.719302782,0.397248969,0.771045761,0.694669548,0.945874331,0.466431487,0.968002748,0
20,2,0,9,46,102,2,8,16,0.578947368,454,1,2,0.413793103,0.128125,2,4,21.55,7,1.8,100,3,68,10,3,7,2,0.277089639,0.329782888,0.673892479,0.545549407,0.978605099,0.118818503,0.223296771,0.954446014,0.085529338,0.850119109,0.616835829,0.655557502,0.699371312,0.729530921,0.651889419,0
13,1,0,17,14,78,11,8,12,1.041666667,20,0,1,0,0.427083333,0,0,0.384615385,1,0.9231,55,1,35,0,1,6,3,0.530575749,0.946650623,0.662629246,0.55108672,0.995392247,0.768585734,0.828987643,0.740833929,0.266644842,0.77811378,0.308133131,0.872489513,0.425038709,0.043746109,0.892218916,0
6,2,0,7,14,15,3,5,5,2,57,0,0,0.705882353,0.333333333,2,3,8.5,3,1.1667,93,4,15,0,3,2,4,0.260961533,0.857835496,0.502615019,0.143728444,0.336307115,0.433749185,0.593531214,0.721031149,0.631668761,0.614261909,0.456882016,0.110691157,0.476321329,0.210706147,0.495441064,1
7,2,1,11,20,9,5,7,6,0.5,74,0,1,0.666666667,0.265306122,2,3,9.428571429,4,1.2857,67,4,51,0,2,2,4,0.486729809,0.066050124,0.762777318,0.198951214,0.923893607,0.314955928,0.456160912,0.510567785,0.220655638,0.600004242,0.592571408,0.891755897,0.427175737,0.195653747,0.798137293,0
8,2,0,8,19,8,3,6,7,0.428571429,93,1,1,0.631578947,0.25,2,3,10.5,5,1.5,77,1,8,0,3,6,3,0.976087952,0.090136818,0.997779834,0.079022511,0.478432046,0.080375865,0.804530835,0.266307358,0.227269531,0.846137023,0.576938231,0.67812391,0.707964915,0.787021546,0.438169296,0
35,2,0,16,103,317,3,16,28,0.81372549,865,0.888888889,0,0.688679245,0.152380952,1,10,23.45714286,3,1.0571,89,4,14,6.1,1,7,4,0.692433098,0.129526889,0.031866355,0.077245174,0.429224595,0.441293779,0.427505193,0.869949047,0.032139741,0.225786737,0.381951949,0.202092035,0.417134293,0.713039821,0.114108931,0
13,1,15,54,39,72,51,7,12,0.833333333,249,1,0,0,0.230769231,0,0,18.07692308,9,1.8462,43,1,45,0,3,8,1,0.040598431,0.310731072,0.855986021,0.256732867,0.251661827,0.434732713,0.706228826,0.131061094,0.286997696,0.599416288,0.73108053,0.43935505,0.808669101,0.715375435,0.832949419,0
20,1,0,12,77,64,3,10,5,0.71291866,1021,0.818181818,3,0,0.205263158,0,0,49.5,2,1,92,1,41,0,1,1,5,0.413880751,0.515861263,0.638199876,0.183717154,0.730070681,0.91310839,0.543479009,0.509645544,0.549595307,0.871862317,0.103837498,0.727078256,0.955332797,0.079801956,0.146097868,0
11,1,0,18,11,55,6,12,11,2,11,0,0,0,0.263636364,0,0,0,1,1,54,4,21,0,2,1,5,0.541849372,0.293183508,0.347368558,0.055385442,0.646343641,0.740915072,0.531298466,0.858234132,0.969404286,0.381403844,0.603610353,0.526501078,0.087686926,0.123901101,0.873648746,1
8,1,0,2,27,18,1,1,6,0.428571429,567,1,0,0,0.314285714,0,0,68.875,8,2.5,53,3,49,0,1,6,4,0.138936144,0.349702245,0.490121317,0.72225054,0.39434908,0.198442552,0.85690976,0.683515537,0.524096967,0.120862041,0.188770152,0.330072297,0.108892092,0.141795369,0.816939033,1
6,2,17,40,10,13,36,4,4,0.8,44,1,1,0.375,0.458333333,0,0,6.166666667,1,0.8333,42,3,50,0,2,8,5,0.353806835,0.125775711,0.461106221,0.105051137,0.02012288,0.092524535,0.446910794,0.427493819,0.306808209,0.290731478,0.767062372,0.213116061,0.785290286,0.305911991,0.959384305,0
6,3,0,3,18,7,1,2,4,0.85,112,0.5,0,0.7,0.4,1,2,17,1,0.5,51,4,11,0,3,1,5,0.5195137,0.951762824,0.006521674,0.506183805,0.187841449,0.074318097,0.849751632,0.268178103,0.364178627,0.684342321,0.653279063,0.530029602,0.112768307,0.025778095,0.655596117,1
6,3,0,16,33,3,1,16,6,0.4,297,1,1,0.88372093,0.351851852,2,3,48.16666667,1,0.8333,31,1,66,7.5,1,6,5,0.704429335,0.286700927,0.300929233,0.315666091,0.571575781,0.664114511,0.356492555,0.939803507,0.585179045,0.405054012,0.890212185,0.255011864,0.358902696,0.263847094,0.308780772,0
3,3,0,3,11,3,1,3,2,1.5,30,0,0,0.958333333,0.555555556,1,1,8.666666667,1,0.6667,85,2,20,0,2,1,2,0.563961732,0.539015288,0.137347445,0.611630851,0.172826894,0.483181251,0.859843372,0.072583366,0.1407162,0.415480147,0.932888274,0.467323578,0.280885593,0.30835636,0.036419224,0
3,3,0,5,11,3,0,5,3,1,55,1,0,0.958333333,0.666666667,1,2,17,1,0.6667,4,1,34,0,3,4,1,0.993050665,0.969259343,0.730627248,0.155351984,0.063842422,0.192635325,0.951483923,0.551992706,0.974019807,0.418744508,0.19608425,0.481078533,0.019232151,0.503216197,0.824228241,0
7,2,2,10,27,1,2,8,6,0.333333333,136,1,1,0.666666667,0.342857143,2,3,18.28571429,5,1.5714,57,4,34,0,3,4,5,0.079445213,0.174886598,0.634108352,0.28080127,0.056714615,0.639347801,0.757666017,0.397582887,0.841810578,0.571768522,0.9651246,0.119565988,0.167268952,0.434929898,0.668402822,1
2,1,3,16,3,1,15,1,2,2,5,0,0,0,1,0,0,1.5,1,0.5,77,1,59,0,2,5,1,0.857762709,0.657053444,0.26955708,0.178736491,0.79825938,0.708879624,0.013096351,0.661327543,0.406249872,0.530589691,0.169959638,0.634104566,0.516403875,0.076545271,0.206139994,0
17,2,0,8,28,0,2,6,17,2,482,0,0,0.709677419,0.307189542,1,6,27.35294118,4,0.8824,72,1,16,0,3,8,4,0.364328644,0.969453586,0.570385245,0.075320771,0.7906768,0.385448619,0.873100881,0.845499901,0.877670284,0.327711655,0.522525297,0.767427162,0.977177067,0.388637222,0.334443546,1
12,3,0,10,43,0,4,7,11,0.454545455,292,1,0,0.607142857,0.226190476,2,2,23.16666667,7,1.6667,74,3,63,0,1,1,3,0.492798206,0.949183308,0.238150503,0.805273374,0.837992662,0.518927744,0.964070378,0.340081011,0.708087661,0.581485149,0.517383844,0.461597264,0.176093204,0.877321709,0.31721039,0
6,2,0,10,20,0,3,9,6,0,84,1,1,0.285714286,0.416666667,2,2,12.83333333,2,1,8,3,48,0,3,8,1,0.150558764,0.529638379,0.112337792,0.279551374,0.418281424,0.798874778,0.172187195,0.379699675,0.835494327,0.537520381,0.795646065,0.71045642,0.228235095,0.609300949,0.880597881,0
33,2,0,16,69,0,0,16,24,0.7109375,801,1,1,0.701923077,0.170798898,1,9,23.03030303,4,1.1212,63,3,21,0,3,5,2,0.215913693,0.635441897,0.153422088,0.347562995,0.481670383,0.435592909,0.67043341,0.020103223,0.978933532,0.442130702,0.372174628,0.056603003,0.185658349,0.183939721,0.79667257,1
13,3,0,10,48,0,3,9,13,0.583333333,359,1,0,0.586206897,0.211538462,2,2,26.30769231,7,1.6923,82,2,29,0,2,3,1,0.796047494,0.659403608,0.539212418,0.553911799,0.174125053,0.048222977,0.683880044,0.634159804,0.484355137,0.74780739,0.22606869,0.232902279,0.661567508,0.162373137,0.455340131,0
16,2,1,22,53,0,2,21,14,0.466666667,577,1,1,0.605263158,0.23125,1,5,34.875,6,1.25,37,3,23,0,2,7,3,0.285772156,0.021510381,0.374477031,0.289672493,0.987015766,0.259866624,0.493257622,0.427391835,0.221252603,0.650725758,0.754429764,0.448527581,0.130273221,0.453645526,0.924556435,0
14,2,0,7,38,0,2,6,11,0.384615385,318,1,0,0.5,0.171428571,2,5,21.57142857,6,1.5714,61,1,42,0,3,2,2,0.727054666,0.309947851,0.513850015,0.838197711,0.832465659,0.499740845,0.176808045,0.473040582,0.030081169,0.460282573,0.5894089,0.819532882,0.402930885,0.157880562,0.998820169,0
15,2,0,10,43,0,4,7,11,0.614285714,382,1,0,0.461538462,0.191666667,2,3,24.13333333,9,2.1333,100,2,48,0,1,2,4,0.969325948,0.504153487,0.998018932,0.815456177,0.544479767,0.512363882,0.590417631,0.766662295,0.220457443,0.300664555,0.278534961,0.443956498,0.779060263,0.366482793,0.735946304,0
6,2,1,4,18,0,1,3,6,0.4,162,1,1,0.285714286,0.416666667,2,2,25.66666667,2,1,49,4,28,0,1,5,3,0.130570851,0.779900804,0.60319386,0.504902103,0.305855435,0.073772195,0.086031352,0.800255202,0.620139905,0.644448313,0.32832428,0.621456186,0.373846724,0.419370104,0.982121225,0
25,1,0,19,77,170,3,17,0,0.810897436,1041,0.846153846,5,0,0.208333333,0,0,40.12,5,1.2,64,2,8,8.1,1,9,3,0.859199576,0.396414771,0.003857618,0.586875789,0.500873978,0.414768706,0.468348463,0.155918151,0.674791065,0.17823147,0.111171564,0.717475292,0.121223265,0.119237883,0.385238764,1
17,1,2,53,26,124,51,4,16,0.875,94,1,1,0,0.18125,0,0,4.411764706,1,0.8824,23,4,46,6.3,1,8,4,0.896700191,0.165518647,0.048797317,0.762535563,0.493773601,0.851202409,0.689799278,0.619040159,0.098520542,0.500294865,0.135521962,0.171940365,0.952734254,0.40285394,0.39651771,0
21,2,2,10,47,108,3,8,15,0.920833333,817,0.333333333,1,0.24,0.26875,0,0,37.33333333,2,1,25,4,42,8.5,3,5,5,0.441072497,0.002811912,0.650416993,0.772320865,0.833003469,0.121279152,0.783803235,0.311021408,0.575209602,0.150296382,0.179324433,0.152489831,0.652180102,0.969385175,0.760400513,0
14,1,1,23,29,67,10,22,12,0.897435897,199,0.333333333,12,0,0.403846154,0,0,12.35714286,1,0.8571,14,3,51,0,1,7,5,0.811043159,0.060879442,0.787331707,0.308946621,0.381259224,0.929903685,0.536308203,0.341525508,0.010616852,0.470995591,0.786766459,0.35223408,0.886043266,0.365754972,0.992733105,0
51,1,0,25,77,43,23,2,45,0.655384615,1122,0.230769231,1,0,0.285714286,1,1,20.74509804,12,1.7255,64,3,26,0,3,3,5,0.911061959,0.944532082,0.120242772,0.32492895,0.871299546,0.200052894,0.395611053,0.48026281,0.83526516,0.802010002,0.628289772,0.432046653,0.909695635,0.029032364,0.347226193,0
23,1,0,31,128,39,4,30,0,0.812937063,1901,0.884615385,10,0,0.169421488,0,0,80.52173913,6,1.087,18,3,15,0,3,4,4,0.99707947,0.508078328,0.721094161,0.234641989,0.387544038,0.531180398,0.120459421,0.348305212,0.858109983,0.505602305,0.223887561,0.607386817,0.449386921,0.785852039,0.770197635,0
17,1,0,7,53,38,3,6,9,0.767857143,725,0.857142857,3,0,0.197916667,0,0,40.82352941,6,1.5294,3,2,63,0,2,4,3,0.243105796,0.734627251,0.415510356,0.510906062,0.273452532,0.36465234,0.66643479,0.628932105,0.170988692,0.324499085,0.529682837,0.879653281,0.260014522,0.308865823,0.343596144,0
12,3,0,8,29,26,1,7,7,0.609090909,461,1,3,0.444444444,0.305555556,1,3,36.58333333,2,1.0833,95,1,43,0,1,4,3,0.608550745,0.197422854,0.23851529,0.176107012,0.964685267,0.356214403,0.810616835,0.798007494,0.603851338,0.571740565,0.887788038,0.412069194,0.858674512,0.030225309,0.716306182,0
7,3,2,4,21,13,2,2,3,0.875,185,0.75,0,0.583333333,0.366666667,1,2,24.28571429,1,0.7143,9,4,41,0,1,6,4,0.506345194,0.603209409,0.503532636,0.687846876,0.248044691,0.455490096,0.014528876,0.873888485,0.230772661,0.65256181,0.839445877,0.550098468,0.933993949,0.012095847,0.023734218,1
17,2,0,13,48,12,4,10,13,0.625,413,1,0,0.428571429,0.158823529,2,4,23.05882353,7,2.0588,87,1,70,0,2,6,1,0.77184352,0.917628341,0.984667212,0.719125804,0.446198333,0.192510294,0.025364847,0.68686502,0.426745264,0.418305017,0.301451516,0.986393231,0.931244358,0.27420159,0.795676093,1
12,3,0,5,32,10,3,3,9,0.977272727,245,0.1875,1,0.4375,0.287878788,2,3,18.08333333,1,0.75,93,1,39,0,3,8,1,0.432507617,0.572646031,0.712267829,0.333055104,0.028182944,0.671274126,0.71549717,0.168130774,0.975254038,0.852363135,0.605855866,0.570272621,0.313236533,0.078402024,0.352465689,0
6,1,6,15,10,9,14,1,4,0.6,31,1,0,0,0.5,0,0,4,1,0.8333,77,3,69,0,1,4,4,0.778371843,0.256013182,0.881771168,0.052101696,0.145689865,0.770340854,0.660266213,0.158285358,0.726631945,0.588154714,0.902950259,0.261732737,0.996996524,0.670299547,0.189404909,0
2,1,0,1,5,1,1,0,0,1,44,0,0,0,1,0,0,17,0,0,21,2,60,8.5,2,1,5,0.233289507,0.78275522,0.375827167,0.321863731,0.595131728,0.050453259,0.954050744,0.235367782,0.307196946,0.759130015,0.427532327,0.72998798,0.466223036,0.977878505,0.849474896,0
8,2,0,16,22,0,11,6,6,0.142857143,100,1,1,0.631578947,0.232142857,2,2,11.375,4,1.375,49,2,44,0,1,3,4,0.526960274,0.548694095,0.399705408,0.869377501,0.705490329,0.869192168,0.764619767,0.062421171,0.379170211,0.680808351,0.128453039,0.096543549,0.059525781,0.767175181,0.784328327,0
7,1,1,13,46,0,2,12,7,0.69047619,357,1,2,0,0.30952381,0,0,49,1,0.8571,69,4,5,0,1,8,5,0.667739169,0.066001185,0.729982892,0.455955463,0.651945759,0.202662282,0.125765626,0.754588635,0.951375603,0.864846755,0.161445182,0.322799099,0.934445348,0.754979345,0.703563237,0
12,2,0,9,39,0,1,8,11,0.454545455,480,1,2,0.545454545,0.229166667,2,2,38.66666667,13,2.6667,90,2,55,0,2,6,1,0.216226582,0.08078154,0.076513051,0.524555812,0.695286905,0.674209112,0.468218261,0.765740591,0.240720336,0.865139733,0.745232871,0.74218389,0.207254207,0.178566916,0.912277861,0
4,2,4,10,6,0,9,1,2,0.333333333,22,1,0,0.714285714,0.75,0,0,4.25,1,0.5,97,4,55,0,2,2,5,0.359639584,0.772689404,0.057675942,0.241682927,0.847102932,0.29016742,0.388840759,0.794633091,0.584457054,0.455950384,0.880922519,0.236822948,0.768539069,0.322463798,0.136906861,1
14,3,0,7,32,0,1,7,12,0.423076923,224,1,2,0.566666667,0.214285714,2,2,14.85714286,6,1.2857,91,3,14,0,3,5,3,0.28696457,0.536574926,0.288909801,0.43381934,0.46075635,0.382640579,0.158106218,0.210597585,0.903226856,0.642072846,0.434674868,0.558734679,0.274564207,0.502241136,0.339338733,0
9,3,0,10,31,0,1,9,7,0.545454545,409,1,2,0.5,0.285714286,1,3,43.22222222,2,1,86,4,53,0,2,3,3,0.364891126,0.84616207,0.084523782,0.918388958,0.248137048,0.259311545,0.465855689,0.498761807,0.214883995,0.001025834,0.083658422,0.295559454,0.814416493,0.005341658,0.019314488,0
13,3,2,9,34,0,2,7,6,0.666666667,345,1,4,0.4,0.21978022,1,3,24.84615385,3,1.1538,83,2,67,0,1,8,2,0.614526958,0.699757993,0.272791891,0.729251237,0.222197754,0.060284807,0.905337665,0.224802118,0.699101386,0.857277461,0.625284043,0.980819834,0.752931197,0.488937383,0.505107641,0
19,2,0,10,36,0,0,10,18,0.537037037,242,0.666666667,0,0.384615385,0.25,1,2,11.42105263,1,0.4211,98,4,42,0,2,4,2,0.988894467,0.147993324,0.624328264,0.736727048,0.065270643,0.321959617,0.695528441,0.019226715,0.812757648,0.788501384,0.149720792,0.848711623,0.24939939,0.334818537,0.732485309,0
81,1,1,34,168,2716,1,33,44,0.908333333,3477,0.571428571,12,0,0.093421053,0,0,41.40740741,23,2.1852,45,1,28,10,2,3,2,0.951208116,0.403594066,0.393743731,0.162155374,0.423165311,0.74793468,0.141734047,0.08119059,0.95610536,0.963864185,0.575693118,0.73342656,0.952056425,0.46131367,0.011950682,0
24,1,3,41,29,270,30,14,23,0.913043478,138,1,1,0,0.275,0,0,4.708333333,1,0.9583,64,2,27,7.5,1,7,5,0.853933421,0.033184516,0.474583408,0.486981551,0.625047858,0.686943825,0.334473279,0.70184129,0.189720477,0.814343902,0.049559165,0.613005937,0.368351766,0.092241154,0.284266708,0
20,2,0,22,62,172,2,21,5,0.855263158,438,0.75,3,0.4,0.245614035,1,4,20.7,7,1.25,73,3,19,7.5,2,2,3,0.61862692,0.731121463,0.667545853,0.256376633,0.329101281,0.817823071,0.58664195,0.30719615,0.502233017,0.535079944,0.707670391,0.297725727,0.410999884,0.9828918,0.364260989,0
17,2,0,6,34,34,1,6,7,0.722222222,323,0.777777778,1,0.444444444,0.173611111,1,2,17.47058824,3,1,4,3,45,0,1,1,5,0.216557609,0.175359683,0.561983192,0.277388006,0.593967191,0.541508997,0.108958571,0.520550823,0.128839067,0.919754168,0.302012497,0.763012715,0.619812704,0.603042764,0.672912073,0
7,1,1,6,9,21,2,5,1,2,15,0,0,0,0.428571429,0,0,1.142857143,1,0.8571,20,1,68,0,1,5,4,0.450109526,0.465348695,0.530682682,0.711621294,0.875968623,0.580068154,0.423690961,0.744418914,0.420594016,0.027003237,0.189127446,0.626892107,0.559312995,0.777002717,0.957716713,1
6,3,0,4,10,15,1,3,6,2,31,0,0,0.615384615,0.666666667,1,3,4.166666667,1,0.8333,79,4,51,0,2,7,2,0.534965483,0.641960715,0.337929389,0.562453481,0.452114305,0.282757948,0.01666457,0.762002875,0.764486939,0.178862208,0.182316964,0.271966284,0.892129194,0.280688297,0.501338697,0
6,2,5,20,8,15,14,7,5,2,17,0,0,0.705882353,0.5,1,1,1.833333333,1,0.8333,56,1,14,0,1,9,1,0.983072243,0.789449882,0.860850302,0.056777306,0.768883942,0.139118648,0.727551491,0.858196329,0.054296383,0.791239398,0.767127041,0.111924751,0.628171477,0.895731761,0.318538707,0
6,1,0,48,6,15,45,4,6,2,6,0,0,0,0.416666667,0,0,0,1,1,47,3,36,0,3,8,5,0.286386881,0.219442712,0.424039419,0.421276892,0.216794912,0.999096721,0.37844126,0.960117415,0.212227302,0.536422551,0.180113853,0.502585441,0.049588942,0.420619854,0.841385507,0
13,2,0,14,43,10,4,13,5,0.729166667,498,0,3,0.352941176,0.208333333,0,0,36.69230769,9,1.8462,43,3,68,0,2,2,1,0.901404302,0.236959945,0.247464368,0.553234592,0.83075021,0.500199257,0.14069252,0.297173536,0.261329266,0.337616036,0.850890905,0.797467227,0.811508192,0.138864037,0.592748401,1
7,2,0,5,27,9,2,3,4,0.333333333,186,1,0,0.5,0.571428571,0,0,25.42857143,2,0.7143,3,3,10,0,1,8,3,0.034466074,0.988469321,0.507654065,0.085869247,0.416167506,0.201679889,0.140066141,0.080657288,0.448695931,0.695509618,0.707457313,0.047893662,0.718553123,0.244201858,0.348070903,0
10,3,0,13,41,7,1,12,9,0.638888889,286,0.5,0,0.72,0.285714286,2,6,27.2,6,1.4,9,3,40,0,2,9,5,0.727850638,0.89197003,0.512167797,0.348205385,0.600889645,0.925755805,0.80013949,0.702873618,0.919445744,0.846878211,0.84480751,0.847628019,0.677145899,0.72282968,0.285425626,0
4,1,4,14,5,6,14,0,4,2,7,0,0,0,0.625,0,0,0.75,1,0.75,24,3,42,0,1,4,4,0.746644479,0.149108019,0.487345386,0.719474047,0.312876211,0.805855978,0.424002013,0.95579838,0.441483948,0.255212999,0.056822135,0.822039497,0.32358931,0.192666512,0.623850583,0
4,3,0,8,12,4,1,7,3,0.666666667,55,1,0,0.857142857,0.5,1,1,12.5,2,1,39,1,32,0,3,1,2,0.766394822,0.839322798,0.479338724,0.878044513,0.183676481,0.541900766,0.514232056,0.769267917,0.68104571,0.933383824,0.731439997,0.261800796,0.827930124,0.199649204,0.249966417,0
5,1,0,5,18,4,4,3,4,0.821428571,112,1,2,0,0.35,0,0,20,2,1.2,71,1,14,0,3,1,4,0.361543426,0.096025421,0.868424487,0.444887542,0.377683589,0.362612639,0.331154868,0.968700066,0.529020645,0.098332744,0.609111642,0.401116803,0.373604141,0.471058937,0.83287532,0
6,3,0,3,8,3,1,2,5,1.2,54,0,0,0.833333333,0.5,1,2,7.666666667,1,0.8333,80,1,25,0,3,7,4,0.294641704,0.864807675,0.996598146,0.521569711,0.347169859,0.194858354,0.189381971,0.552346374,0.978058532,0.657798918,0.904533837,0.840484686,0.812861906,0.625878783,0.927340761,0
16,2,0,9,41,2,1,9,15,0.577777778,386,0.333333333,0,0.633333333,0.3625,1,6,22.9375,2,0.8125,62,3,36,0,2,6,1,0.60634706,0.743682611,0.408449253,0.622779059,0.013103481,0.540022067,0.992631637,0.98807545,0.05045627,0.029074708,0.29166549,0.613985095,0.997976272,0.842182675,0.565248827,0
4,1,0,0,18,0,0,0,3,1.166666667,127,0.5,0,0,0.333333333,0,0,29.25,6,2.5,61,3,40,0,1,7,3,0.006200413,0.405356241,0.205317884,0.503381976,0.871746451,0.557410027,0.50683077,0.029687809,0.276826068,0.78979299,0.252024744,0.40110468,0.288230672,0.981555582,0.835350528,0
3,2,0,21,37,0,8,16,2,0.333333333,340,0.333333333,6,0.5,0.466666667,0,0,110.3333333,1,0.6667,38,4,69,0,3,2,5,0.064185088,0.101530484,0.012732368,0.380011328,0.527033731,0.854686257,0.871497976,0.552761677,0.225544888,0.660745838,0.286267407,0.383089882,0.732689096,0.67054489,0.95128553,0
10,1,0,6,25,0,3,3,10,0.703703704,180,1,2,0,0.325,0,0,16.4,3,1.1,15,1,63,0,2,2,3,0.703066948,0.749237472,0.061128308,0.047185852,0.148733538,0.485339642,0.849407785,0.910030286,0.582985274,0.320734264,0.48904647,0.24383186,0.428746997,0.839143077,0.307887144,0
7,3,1,7,25,0,2,5,5,0.520833333,190,1,2,0.571428571,0.30952381,1,3,25,1,0.8571,34,1,61,0,3,2,2,0.491515638,0.099204975,0.87984887,0.387960757,0.35638911,0.653182308,0.314536219,0.306290253,0.28452718,0.553449489,0.987153089,0.815282921,0.556463596,0.216301668,0.025768388,1
6,2,0,9,28,0,1,8,6,0,149,1,1,0.705882353,0.333333333,2,3,23.66666667,4,1.5,42,3,4,0,2,1,2,0.238007246,0.486253136,0.104426189,0.779109691,0.029041572,0.623878927,0.478287711,0.692841337,0.196351208,0.226385105,0.740938602,0.867403778,0.588675435,0.282476343,0.484189535,0
55,2,1,12,69,0,9,4,54,0.240740741,1531,1,0,0.018867925,0.287878788,1,1,26.8,8,1.9455,76,3,51,0,2,8,1,0.385508048,0.66172246,0.897144177,0.890837798,0.540734075,0.343507793,0.354003015,0.681457378,0.848013171,0.601780799,0.209017958,0.542642571,0.176891124,0.179203394,0.342206725,1
3,2,8,9,6,0,8,1,2,0,20,1,1,0.714285714,0.666666667,0,0,5.333333333,1,0.6667,62,4,62,0,1,4,3,0.706939747,0.207933012,0.480882491,0.381026095,0.921797182,0.264152641,0.959748634,0.977888414,0.715799696,0.479597194,0.37625435,0.934944689,0.212967375,0.075707388,0.548101885,0
8,2,0,4,15,0,1,4,6,0.821428571,102,0.75,2,0.142857143,0.238095238,0,0,10.75,3,1,41,3,27,0,1,6,4,0.801425658,0.034674989,0.286241781,0.984007197,0.445915554,0.876526052,0.759387262,0.834894234,0.556865215,0.672521891,0.645025007,0.313294106,0.566566268,0.49254004,0.837093965,0
25,2,0,7,63,208,2,7,11,0.894230769,531,0.769230769,2,0.08,0.178571429,0,0,19.72,4,1.52,41,3,42,7.5,3,9,2,0.8913184,0.457730297,0.211950182,0.493872095,0.142975845,0.449623947,0.841929707,0.024809026,0.294150191,0.31300693,0.089768411,0.489785913,0.998393797,0.082250458,0.217331386,0
20,1,3,57,36,176,52,5,19,0.894736842,193,0.5,1,0,0.291666667,0,0,8.55,1,0.95,27,1,36,6.5,2,4,2,0.420008662,0.359425665,0.498551075,0.14230838,0.737695815,0.477411439,0.339167859,0.831637334,0.952080603,0.492337268,0.574812598,0.832230025,0.749219624,0.367086451,0.944165623,0
19,1,3,29,25,167,26,3,18,0.962962963,343,1,1,0,0.25,0,0,16.89473684,1,0.8947,65,1,21,6.4,2,9,2,0.950515364,0.931216829,0.715372083,0.870969538,0.514034803,0.332539776,0.581589036,0.562681202,0.143048624,0.731730737,0.235484797,0.421286207,0.304678102,0.933727335,0.482706201,0
18,1,7,40,22,147,40,0,17,0.921568627,314,1,0,0,0.25,0,0,16.27777778,1,0.9444,22,3,15,5.5,3,1,5,0.864856924,0.498303958,0.360775233,0.998375685,0.60538526,0.627094724,0.492571551,0.079698747,0.604674564,0.785469085,0.822502315,0.852130344,0.835850604,0.585047691,0.958656865,0
20,3,0,2,29,100,2,1,12,0.671052632,569,1,0,0.538461538,0.233333333,2,11,27.25,6,2.7,45,4,53,7.5,3,4,2,0.364203875,0.926278468,0.575688612,0.781345381,0.210545798,0.780376059,0.720861466,0.849593724,0.287850168,0.276060369,0.409644583,0.180651952,0.81562895,0.948912668,0.59743309,0
15,1,0,1,16,99,1,0,14,0.857142857,3574,0,0,0,0.339285714,0,0,237.2,8,3.3333,88,1,40,0,3,4,4,0.269812707,0.109800931,0.470418937,0.370958755,0.235475198,0.293708366,0.01133072,0.014636541,0.495562942,0.661432508,0.964706659,0.514182918,0.310860268,0.044004331,0.651560569,1
21,1,0,6,54,98,3,6,9,0.765,509,1,5,0,0.204081633,0,0,22.76190476,3,1.2857,21,3,26,0,2,2,5,0.124741002,0.043310337,0.564745679,0.663051949,0.860827949,0.232283079,0.314016359,0.982216462,0.572502052,0.034158191,0.283733716,0.746757539,0.450273007,0.302679304,0.316355376,1
36,1,0,23,77,92,18,5,8,0.776870748,1568,0.523809524,1,0,0.182857143,1,1,41.97222222,4,1.3056,7,2,67,0,3,1,2,0.096343627,0.973764618,0.84129624,0.543242761,0.535270732,0.414031816,0.131441217,0.034124972,0.645445084,0.25271096,0.788537002,0.938903765,0.56818414,0.550857784,0.133884966,0
14,1,0,9,16,91,9,0,14,2,228,0,0,0,0.261904762,0,0,15.28571429,2,1.6429,52,1,10,0,2,4,4,0.179550518,0.135412262,0.912202445,0.026487402,0.89458048,0.805530805,0.604215506,0.455370644,0.914426422,0.904752539,0.687490901,0.841965693,0.523987818,0.444943567,0.385210685,0
16,2,0,5,26,80,2,5,8,0.866666667,207,0.857142857,0,0.083333333,0.214285714,0,0,11.5,2,0.75,72,1,33,0,1,2,3,0.200925344,0.566595405,0.799038329,0.791168802,0.106523467,0.624936824,0.834920134,0.682524893,0.994686604,0.602451488,0.999611322,0.066957383,0.69742502,0.86577561,0.970911483,0
19,1,0,14,45,79,2,12,6,0.709401709,629,1,7,0,0.25,0,0,31.42105263,4,1.1053,98,4,33,0,1,1,5,0.123505707,0.508583947,0.826039116,0.607715868,0.141515651,0.651954131,0.950270804,0.971599306,0.809403117,0.109832991,0.941915361,0.397947764,0.159634615,0.769610555,0.279888785,0
13,1,6,16,19,70,15,1,11,0.729166667,121,1,0,0,0.769230769,0,0,8,2,1,72,3,65,0,1,1,3,0.152424407,0.886441153,0.126601435,0.16175418,0.469064421,0.244832815,0.401563702,0.085453989,0.533202271,0.80216005,0.180062056,0.749977009,0.519985732,0.996136809,0.546452663,0
12,1,3,9,18,66,7,2,12,2,78,0,0,0,0.541666667,1,1,5.5,4,1.1667,64,3,18,0,3,9,2,0.141312112,0.371920305,0.263064828,0.771787865,0.679991452,0.564398275,0.003402194,0.500737389,0.086452463,0.957345709,0.442274658,0.271503985,0.948691114,0.533519529,0.195689363,0
14,1,0,12,22,61,11,1,13,0.692307692,175,0,3,0,0.320512821,0,0,11.28571429,3,0.7143,11,3,55,0,1,6,1,0.799481114,0.528392731,0.459774533,0.501412677,0.534436813,0.505112125,0.210704995,0.634357153,0.680338666,0.379396826,0.996543842,0.091385026,0.875202031,0.740477171,0.677109864,0
15,2,0,17,58,37,4,17,4,0.779220779,751,0,6,0.35,0.19047619,0,0,48.33333333,5,1.5333,46,3,7,0,1,4,4,0.199890438,0.537806905,0.949425407,0.166060541,0.93564449,0.833164054,0.133995377,0.589482268,0.912718116,0.85388876,0.491112498,0.210383914,0.862384289,0.025389111,0.286579887,0
8,3,0,2,23,26,0,2,6,0.928571429,155,0,0,0.913793103,0.5,0,0,18.125,1,0.625,62,3,23,0,2,4,3,0.087892247,0.00967913,0.932687232,0.734274982,0.329528863,0.031595326,0.792971808,0.921076713,0.914757199,0.935471557,0.658241412,0.037213192,0.156475422,0.482434547,0.476531069,1
12,1,0,15,34,26,3,14,5,0.675324675,480,0.928571429,6,0,0.321428571,0,0,37.83333333,4,1.1667,64,1,7,0,1,1,1,0.490759319,0.372115103,0.651111168,0.6235181,0.030022767,0.352453163,0.108359696,0.92096392,0.048349847,0.567407341,0.381256551,0.069106632,0.412823284,0.984762713,0.154453358,0
8,1,0,1,25,22,1,0,6,0.428571429,126,1,0,0,0.178571429,0,0,14.625,5,1.375,49,3,33,0,1,8,5,0.12799397,0.344862948,0.073317539,0.3905088,0.970206572,0.575976605,0.132044487,0.922422873,0.654316795,0.033138835,0.62487734,0.216922993,0.097405848,0.234694208,0.469668771,0
7,2,0,12,15,11,4,12,5,0.766666667,84,0.4,5,0.705882353,0.6,0,0,10.28571429,1,0.7143,54,4,41,0,3,5,2,0.122418085,0.994397469,0.694464761,0.316091999,0.379218547,0.976813512,0.015485919,0.124315265,0.351386441,0.73988925,0.728826304,0.274781071,0.064132127,0.270953756,0.5883862,1
5,1,0,17,5,10,17,0,5,2,5,0,0,0,0.6,0,0,0,1,1,42,2,43,0,3,1,2,0.512044536,0.871035586,0.948999694,0.384639389,0.884946576,0.99726896,0.216413665,0.434743922,0.385956702,0.334293423,0.564719931,0.034225934,0.807924605,0.932934081,0.957037744,1
5,1,0,6,6,10,2,5,4,1,11,0,1,0,0.7,0,0,1,1,0.8,77,3,30,0,3,1,1,0.062729681,0.72808306,0.736689022,0.157981284,0.542501052,0.127584616,0.443804056,0.834242537,0.532638353,0.650060071,0.056240802,0.542926395,0.893582612,0.781991065,0.553896,1
13,1,2,14,34,10,3,12,8,0.682291667,455,0.875,4,0,0.230769231,0,0,32.76923077,1,0.9231,86,4,52,0,2,9,5,0.881607246,0.323012572,0.561932037,0.043869748,0.288468988,0.493249646,0.841138157,0.758496558,0.045579347,0.987665517,0.562590953,0.007903863,0.060427146,0.979770187,0.628972863,1
7,1,0,4,27,7,4,0,4,0.708333333,135,0.5,0,0,0.388888889,0,0,17.71428571,5,1.4286,55,3,24,0,3,2,3,0.331303381,0.800672775,0.786354658,0.458972958,0.320949424,0.649342748,0.907941136,5.96E-04,0.160570659,0.226078486,0.625226479,0.843292263,0.502727016,0.623564135,0.43219936,0
7,1,0,4,17,5,1,4,5,0.666666667,109,1,2,0,0.392857143,0,0,14.14285714,2,1.2857,77,1,24,0,2,2,3,0.744933082,0.158528933,0.494684654,0.386400914,0.905370116,0.081905409,0.659602735,0.632816255,0.647933149,0.266516178,0.577873481,0.362629323,0.825905908,0.038701808,0.429886909,0
7,2,0,2,10,5,1,2,5,0.583333333,1311,1,0,0.428571429,0.416666667,0,0,185.1428571,5,2.1429,73,1,28,0,2,1,3,0.44187766,0.293934576,0.473908182,0.827762243,0.106085426,0.916346411,0.525479118,0.447937891,0.916185839,0.308231675,0.519825037,0.615679086,0.178531052,0.527968416,0.509469708,0
4,4,0,6,8,4,2,5,2,2,42,0,0,0.896551724,0.35,1,1,9.5,4,1.5,22,3,26,0,3,6,2,0.544343675,0.133434464,0.805707412,0.649752365,0.943755417,0.332877733,0.485275901,0.420087553,0.166495312,0.456332518,0.152519714,0.869785752,0.060083011,0.078056909,0.672528416,0
6,2,0,5,17,3,2,3,4,0.2,102,1,0,0.571428571,0.611111111,0,0,15.83333333,2,0.6667,73,3,30,0,1,3,5,0.094702972,0.344098889,0.572179684,0.325272906,0.478506283,0.188981528,0.943712555,0.685117621,0.097906526,0.161630569,0.979401139,0.235758503,0.304506592,0.523050679,0.716095079,0
3,4,0,6,6,3,3,5,0,2,22,0,0,0.992366412,0.571428571,1,2,6.333333333,1,0.3333,58,4,62,0,3,3,1,0.973614039,0.126889078,0.174837605,0.06908229,0.318872083,0.348908363,0.843467794,0.54051428,0.66335464,0.992523074,0.369058815,0.938287931,0.739543237,0.664937395,0.402239377,0
2,4,0,8,9,1,2,6,0,2,64,0,0,0.952380952,0.583333333,1,1,31,1,0.5,43,4,49,0,2,1,1,0.118924599,0.592053898,0.76689065,0.867977597,0.056517523,0.220206828,0.516406546,0.964837103,0.376458359,0.238905145,0.981650337,0.730893481,0.02184446,0.85115429,0.615935965,1
2,1,0,15,2,1,14,1,2,2,2,0,0,0,1,0,0,0,1,1,37,1,54,0,3,6,2,0.545355404,0.216557997,0.298807825,0.905507809,0.12674214,0.997284361,0.773087917,0.156690014,0.669094327,0.848113167,0.058604671,0.955402219,0.147866705,0.509164439,0.011213202,0
13,1,0,79,22,0,79,0,10,0.125,145,0,0,0,0.294871795,1,1,10,6,1.2308,68,3,66,0,3,1,5,0.664965409,0.883540835,0.677161724,0.881218105,0.594765748,0.111999156,0.73055448,0.593223583,0.799752854,0.192899821,0.075606834,0.745958832,0.140547285,0.138064568,0.645583123,0
5,4,0,8,20,0,2,6,0,0.625,389,1,2,0.833333333,0.325,1,1,76,5,2,97,1,9,0,3,5,4,0.40839801,0.003807266,0.536753769,0.724425461,0.367795042,0.391283602,0.878402965,0.108168314,0.81267484,0.171440075,0.258863721,0.877566865,0.41176176,0.257223841,0.102752477,1
14,3,0,7,31,0,1,7,12,0.461538462,182,1,1,0.566666667,0.196428571,2,2,11.85714286,6,1.2857,77,1,56,0,3,7,5,0.646908722,0.219349274,0.126020616,0.202525681,0.3328715,0.421798742,0.883135878,0.489399485,0.047770089,0.139368647,0.464651273,0.75916133,0.300562333,0.81195407,0.603615333,1
26,1,0,13,58,0,0,13,22,0.344,719,1,4,0,0.184615385,0,0,26.26923077,2,1.1538,4,3,64,0,2,6,1,0.41517396,0.188898898,0.805722057,0.923831383,0.920500552,0.621620066,0.630794714,0.096033024,0.70131668,0.173848488,0.922142816,0.071212366,0.287197769,0.536211203,0.605526674,0
4,1,0,7,6,0,7,0,2,0.875,83,0.125,7,0,0.555555556,1,1,17.75,5,1.5,7,1,45,0,2,2,5,0.434881113,0.955512508,0.66090982,0.234941447,0.594061992,0.518954547,0.007874155,0.995052704,0.937441657,0.169670743,0.339518621,0.547860225,0.382914288,0.772327881,0.389857323,1
8,2,0,9,18,0,2,8,7,0.5,228,0.5,0,0.714285714,0.357142857,1,2,27.25,1,0.25,66,3,64,0,1,3,4,0.439099976,0.396186261,0.726178029,0.512641658,0.765001599,0.737889002,0.9205177,0.117468613,0.050383145,0.267385739,0.873356917,0.403581679,0.195537911,0.24777741,0.137830145,0
6,3,0,4,15,0,1,3,6,0.466666667,113,1,2,0.615384615,0.5,1,3,17.33333333,1,0.8333,52,4,45,0,2,1,3,0.797435207,0.25350281,0.324194499,0.350336576,0.63380403,0.191169555,0.051994459,0.934006873,0.177533372,0.113465501,0.461305875,0.904387397,0.170838022,0.308968947,0.994637481,0
13,4,0,14,31,0,0,14,13,0,120,1,1,0.6,0.205128205,0,0,8.153846154,1,0.9231,4,1,18,0,1,1,3,0.941960258,0.249309358,0.017513607,0.139012652,0.456747017,0.980012456,0.858457174,0.15033051,0.063263261,0.452497169,0.018037051,0.583550699,0.509672035,0.112073854,0.621839793,0
28,2,0,12,57,0,0,12,23,0,200,1,1,0.73,0.185714286,1,9,6.107142857,1,0.9643,39,1,36,0,2,5,4,0.093932441,0.780426762,0.673670249,0.542732679,0.738436721,0.500946115,0.302981529,0.921791709,0.373528096,0.551407986,0.994479975,0.601867695,0.260911515,0.270883408,0.738045687,0
4,2,0,4,9,0,2,3,3,0.833333333,31,0.5,0,0.25,0.416666667,0,0,6.25,1,0.75,20,4,64,0,3,4,2,0.79128928,0.696390171,0.143555059,0.368661304,0.850124391,0.259684404,0.827886786,0.08771531,0.061254505,0.955721365,0.800338039,0.752448414,0.090149403,0.461697724,0.147872953,1
9,2,0,8,38,0,1,7,9,0.083333333,695,1,0,0.222222222,0.314814815,2,2,75.55555556,14,3.2222,72,2,59,0,2,6,1,0.716926037,0.659220578,0.053070923,0.331622085,0.573804324,0.892031195,0.065337465,0.925213379,0.28250863,0.077844206,0.589885588,0.610039369,0.224188586,0.485245891,0.759191128,0
7,3,0,4,16,0,1,3,6,0.333333333,179,1,2,0.571428571,0.476190476,1,3,24.14285714,1,0.8571,58,1,16,0,3,6,3,0.327754596,0.585227958,0.208070758,0.21318545,0.072092912,0.891816175,0.786226505,0.92253122,0.363445655,0.117385555,0.911046316,0.32487731,0.071311603,0.28563738,0.088645159,0
12,3,1,7,37,0,2,5,9,0.454545455,357,1,1,0.444444444,0.416666667,1,3,28.08333333,1,0.8333,71,1,28,0,2,4,5,0.78454359,0.668845393,0.112576463,0.915288204,0.783889104,0.545861818,0.587339506,0.071924659,0.318040448,0.813506432,0.717752878,0.561074225,0.017331748,0.426344789,0.755460197,0
4,3,0,3,5,0,1,2,3,1.333333333,27,0,0,0.892857143,0.5,1,2,5.5,1,0.75,83,2,7,0,1,8,5,0.682539686,0.488494589,0.100279147,0.9083841,0.745816095,0.575981723,0.816800338,0.182068321,0.416599599,0.529300897,0.245587744,0.079533636,0.897425242,0.523217661,0.463527978,1
15,1,0,8,29,0,5,3,9,0.285714286,1538,1,0,0,0.321428571,0,0,101.2666667,10,2,38,2,40,0,1,6,3,0.082870136,0.694482586,0.579320692,0.574125781,0.839444098,0.988010204,0.23779791,0.709995467,0.30505453,0.16820847,0.250705361,0.465398016,0.643744919,0.134527656,0.971774119,0
4,1,0,29,5,0,29,0,1,0.148148148,172,0,0,0,0.45,0,0,39.75,8,4.25,7,2,59,0,2,9,2,0.3447267,0.77892978,0.89035641,0.942577811,0.464294655,0.627862952,0.930594232,0.612568842,0.175036098,0.422457723,0.112035443,0.500027703,0.608814836,0.608045099,0.552806882,0
11,3,0,4,25,0,1,3,7,0.625,447,1,0,0.444444444,0.287878788,1,3,39.27272727,6,1.5455,35,2,61,0,2,2,4,0.258330707,0.42772909,0.277899136,0.323961226,0.136625904,0.944629215,0.932813726,0.717482977,0.484730167,0.853541066,0.296767706,0.677510769,0.064706416,0.385146444,0.439846981,1
24,1,0,20,24,276,19,1,24,2,24,0,0,0,0.291666667,0,0,0,1,1,62,1,63,5.5,1,4,4,0.978679366,0.954536507,0.474944374,0.334928962,0.513999327,0.460694982,0.11801381,0.11379752,0.730514662,0.30472095,0.689117608,0.36570432,0.377995643,0.261953375,0.761938931,0
35,1,0,5,51,253,1,4,7,0.719814241,3060,0.210526316,1,0,0.405882353,0,0,85.88571429,112,7.8286,96,2,22,9.1,1,8,1,0.260073358,0.316792732,0.40087685,0.819372937,0.345627573,0.448897611,0.812536638,0.062002036,0.769377786,0.145567144,0.28237356,0.111807038,0.36050164,0.10750286,0.467443361,0
24,1,3,7,34,140,3,4,21,0.855978261,593,1,0,0,0.171875,0,0,23.04166667,20,2.125,44,3,37,5.5,1,7,3,0.491425684,0.213776233,0.472658232,0.163762045,0.848503652,0.316711526,0.650642222,0.923611892,0.1921174,0.848525359,0.734225258,0.592462942,0.295806395,0.538948554,0.735810725,0
13,2,0,24,64,72,1,24,2,0.866666667,856,0.2,2,0.388888889,0.155555556,1,1,64.46153846,4,1.1538,72,2,68,0,2,5,3,0.032351801,0.766687492,0.029296161,0.507011631,0.009311361,0.197465367,0.16792271,0.610295448,0.247321807,0.39751711,0.285373324,0.708396293,0.141555847,0.053793602,0.377636234,1
12,1,0,3,12,66,3,0,12,2,12,0,0,0,0.583333333,0,0,0,1,1,76,4,18,0,2,2,1,0.350040857,0.280764331,0.369594468,0.344884034,0.312116809,0.248590165,0.632997967,0.05253259,0.81613169,0.028570844,0.541420137,0.323578035,0.407542158,0.119154407,0.722996077,1
13,1,1,41,21,64,41,0,11,0.611111111,197,1,0,0,0.292307692,0,0,13.92307692,4,1.4615,49,3,26,0,1,8,4,0.456908388,0.589428857,0.903184636,0.028920603,0.391841523,0.156899006,0.617492316,0.187804298,0.937783343,0.802484233,0.618042012,0.148923154,0.209567132,0.718055824,0.4980648,1
14,3,0,5,29,53,1,4,6,0.692307692,514,1,1,0.541666667,0.333333333,1,4,34.92857143,14,2.2857,44,4,8,0,3,8,3,0.149030033,0.480465261,0.914838554,0.659904669,0.113516394,0.350897685,0.804292673,0.968313703,0.385933098,0.509517839,0.149442498,0.270519485,0.999087144,0.85275768,0.190013978,0
13,3,0,6,29,38,2,4,11,0.716666667,178,0.6,1,0.466666667,0.285714286,1,2,12.30769231,1,0.6154,19,2,23,0,1,4,2,0.545356751,0.704229126,0.442062654,0.875856067,0.577317222,0.420126902,0.53408782,0.888238242,0.795763102,0.406119928,0.660087053,0.822387741,0.468639062,0.505112299,0.400192222,0
7,1,0,4,8,19,4,0,7,0.979166667,49,0,2,0,0.523809524,0,0,4.857142857,2,0.7143,7,1,25,0,2,5,4,0.427711116,0.063887936,0.765972887,0.034556729,0.549381244,0.241535389,0.590188928,0.530513076,0.841868205,0.283682543,0.799718878,0.303772764,0.133047549,0.553953506,0.685586285,0
11,2,0,19,40,17,2,19,2,0.775,599,0,6,0.4,0.222222222,0,0,52.36363636,15,2.8182,3,1,57,0,2,4,3,0.881564815,0.087692712,0.015451469,0.290607525,0.818405199,0.31288457,0.721631461,0.633145836,0.966924194,0.369329005,0.941656066,0.040966005,0.08641359,0.149516784,0.388563504,0
6,1,0,14,6,15,14,0,6,2,6,0,0,0,0.375,0,0,0,1,1,54,2,53,0,1,5,3,0.737597632,0.783281117,0.384584463,0.067016427,0.978024314,0.793184327,0.404558111,0.175062546,0.161137321,0.55873228,0.644369922,0.293659345,0.434884293,0.044890635,0.954895568,1
6,3,0,2,19,15,2,0,4,1.12,184,0,0,0.8125,0.5,1,1,28.83333333,14,2.8333,13,3,67,0,3,5,5,0.31403742,0.974011489,0.463380863,0.421317949,0.134972773,0.750160021,0.341883195,0.981484851,0.292474917,0.480965054,0.476344687,0.505830044,0.905203847,0.384499345,0.240063295,1
6,1,5,38,8,15,37,1,6,2,21,0,0,0,0.583333333,0,0,2.5,1,0.8333,69,3,18,0,1,4,1,0.959781468,0.717328578,0.181772786,0.806223665,0.043025384,0.114750772,0.201238143,0.348838398,0.487677414,0.895380726,0.704218251,0.201157008,0.129045887,0.449616799,0.303842963,0
6,1,5,19,19,13,18,1,5,1,119,0.333333333,0,0,0.6,0,0,18.33333333,1,0.6667,16,2,13,0,1,7,3,0.898299196,0.305160035,0.866897026,0.724804219,0.162720433,0.842639018,0.091198412,0.189192582,0.064051581,0.920525779,0.344204425,0.022968334,0.10312693,0.860911673,0.193173658,0
7,3,0,7,21,9,2,6,6,0.777777778,120,0.333333333,1,0.705882353,0.333333333,2,3,15.71428571,6,1.7143,85,1,25,0,1,8,5,0.872315783,0.346344552,0.913657692,0.780202352,0.146863919,0.78281133,0.275791397,0.194231519,0.512044847,0.595083376,0.076796203,0.41872004,0.325101254,0.738023948,0.213305952,0
6,2,0,11,18,9,10,1,5,0.2,65,1,0,0.733333333,0.333333333,1,1,9.666666667,3,1.1667,100,3,66,0,3,8,1,0.08927744,0.431090992,0.56857032,0.619877373,0.251814834,0.753150437,0.62728585,0.518756165,0.028601279,0.270848233,0.524750434,0.469006124,0.105236773,0.316172391,0.187231906,1
7,3,0,7,21,9,2,6,6,0.777777778,120,0.333333333,1,0.705882353,0.333333333,2,3,15.71428571,6,1.7143,12,4,55,0,1,6,3,0.96759769,0.877468954,0.326887065,0.274380736,0.174551932,0.323058481,0.317262384,0.483717832,0.101298234,0.337732712,0.394353685,0.36109973,0.553872482,0.519793634,0.203396169,0
7,3,0,7,21,9,2,6,6,0.777777778,120,0.333333333,1,0.705882353,0.333333333,2,3,15.71428571,6,1.7143,51,1,6,0,3,2,1,0.183684884,0.059930404,0.443003148,0.390662949,0.815521522,0.803111591,0.245965342,0.798782865,0.643264793,0.780804162,0.97996932,0.007025755,0.744656882,0.993212307,0.351688447,0
7,3,0,7,21,9,2,6,6,0.777777778,120,0.333333333,1,0.705882353,0.333333333,2,3,15.71428571,6,1.7143,15,4,19,0,3,2,1,0.519751161,0.819862738,0.054144716,0.859911683,0.467266702,0.941745678,0.709935717,0.804428575,0.178881156,0.069353571,0.531865962,0.30616453,0.553567741,0.088342361,0.947717211,0
8,3,0,4,21,8,0,4,7,0.285714286,116,1,1,0.3,0.4375,2,2,13.25,2,1,77,2,19,0,2,8,3,0.012402455,0.458172949,0.417337731,0.339921223,0.928837735,0.82897346,0.807925633,0.233570418,0.580259338,0.877995343,0.987326994,0.552386897,0.673713205,0.309419842,0.745364575,0
8,2,4,8,11,8,4,4,8,0.428571429,54,1,0,0.416666667,0.3125,2,2,5.625,4,1.25,14,1,70,0,3,2,4,0.902009851,0.809903201,0.759658258,0.171993039,0.045983687,0.507132782,0.085093771,0.992720553,0.854505133,0.139798479,0.565041514,0.48572042,0.305913956,0.714766757,0.6376225,1
13,1,9,12,14,8,12,0,9,0.444444444,293,1,0,0,0.461538462,0,0,21.30769231,7,2.0769,45,3,41,0,3,3,4,0.882862174,0.900877361,0.241763921,0.192367667,0.177125285,0.788666088,0.91548225,0.462677356,0.48176134,0.931448884,0.72277644,0.488546931,0.025066898,0.775586262,0.345710219,1
6,3,0,3,19,7,0,3,3,0.8,107,0.5,0,0.636363636,0.4,2,3,16.16666667,1,0.6667,35,2,54,0,1,5,5,0.154099828,0.686379264,0.534706748,0.938187909,0.085109204,0.780931327,0.12277461,0.818746536,0.804032286,0.690442957,0.978329822,0.42633126,0.322289763,0.191789014,0.596472984,0
4,1,0,2,17,6,2,0,4,2,147,0,0,0,0.333333333,0,0,35.75,1,0.75,91,1,60,0,1,2,5,0.771429925,0.371861641,0.51002703,0.747993104,0.754743317,0.618043892,0.339335209,0.870493233,0.964789388,0.264312481,0.09376552,0.632881246,0.322847219,0.164850955,0.288061897,0
5,2,0,10,23,6,1,10,2,0.8,185,0,3,0.4,0.333333333,0,0,35,1,0.6,72,3,33,0,1,4,5,0.799622502,0.815686843,0.543128664,0.256744922,0.636113414,0.899749924,0.603529731,0.921025541,0.899358256,0.291880746,0.122929098,0.540139042,0.17985817,0.62770213,0.143895118,1
6,3,0,5,20,5,1,4,5,0.825,247,0,1,0.722222222,0.333333333,1,4,38.83333333,16,3.6667,28,3,12,0,2,1,2,0.765788249,0.513898406,0.929935609,0.785384128,0.813681096,0.337330902,0.695326968,0.145809098,0.876086854,0.416549847,0.82224488,0.452503529,0.643784244,0.931646871,0.354900358,0
5,1,5,10,6,4,9,1,5,0.5,19,1,0,0,0.8,0,0,2.6,1,0.8,45,1,38,0,3,3,3,0.913437281,0.667024133,0.916829642,0.124918707,0.601162964,0.106539409,0.71018191,0.991013115,0.088294962,0.831619289,0.924794298,0.965684202,0.307699539,0.490315268,0.710038491,1
4,1,0,15,36,4,0,15,2,0.333333333,356,1,1,0,0.5,0,0,87.75,1,0.75,12,1,52,0,2,8,3,0.757319233,0.828910245,0.843869326,0.215043342,0.062190927,0.407566139,0.371200095,0.09138759,0.797004891,0.657635887,0.777675616,0.530086075,0.028341733,0.880645747,0.715108551,0
3,1,6,28,5,3,25,3,3,2,15,0,0,0,0.833333333,0,0,4,1,0.6667,51,4,59,0,2,9,4,0.439044565,0.637586882,0.901290278,0.217289989,0.956753929,0.732038267,0.57958304,0.207671683,0.524453425,0.65177487,0.842644715,0.658726018,0.022944268,0.900899047,0.199833798,0
3,2,0,4,8,3,0,4,3,2,31,0,0,0.714285714,0.777777778,1,2,9.333333333,1,0.6667,80,1,25,0,3,9,2,0.383487218,0.128164918,0.999286695,0.482709769,0.613420823,0.337048904,0.703355171,0.683533461,0.798385098,0.749252147,0.560037229,0.279680148,0.141849923,0.085703387,0.913229317,0
3,2,0,5,8,3,1,4,3,2,31,0,0,0.714285714,0.777777778,1,2,9.333333333,1,0.6667,14,3,65,0,1,3,5,0.755968388,0.127763791,0.251074,0.914086087,0.227344555,0.426217959,0.104371835,0.922040841,0.947126577,0.936768026,0.075971938,0.733062791,0.816905632,0.178130841,0.607250542,0
3,1,0,7,7,3,4,5,2,2,21,0,0,0,0.666666667,0,0,6,1,0.6667,44,2,36,0,1,1,3,0.220221682,0.232470826,0.569232942,0.22267904,0.084047452,0.537784122,0.403608595,0.381663773,0.445442415,0.957981996,0.332835357,0.912536261,0.185638376,0.058805034,0.108723306,0
3,2,0,4,8,3,0,4,3,2,31,0,0,0.714285714,0.777777778,1,2,9.333333333,1,0.6667,98,4,58,0,1,3,2,0.497139354,0.866331719,0.875334798,0.579501076,0.208988062,0.639728188,0.984731799,0.591807708,0.311172062,0.35101885,0.023047599,0.051352282,0.891212634,0.632040099,0.879554921,0
9,3,1,6,21,2,3,4,7,0.475,278,1,1,0.533333333,0.355555556,1,3,29.33333333,1,0.7778,60,4,30,0,1,1,5,0.224300017,0.922372211,0.422847839,0.161123809,0.942908859,0.43192758,0.235950366,0.687878249,0.052647961,0.318006044,0.906109554,0.652924445,0.05816874,0.16901074,0.565226676,0
5,2,0,12,10,2,2,12,5,0.8125,74,0,4,0.5,0.4,0,0,13,3,1.6,6,1,70,0,3,7,2,0.616277392,0.485651103,0.733325115,0.090016207,0.942965538,0.355342197,0.030148902,0.965877174,0.666895116,0.926642287,0.988931195,0.06593195,0.943942798,0.6079537,0.031567529,1
9,1,0,11,10,2,11,0,8,0.666666667,83,0.666666667,1,0,0.5,1,1,7.888888889,5,1.1111,32,2,48,0,2,8,2,0.425730397,0.138344471,0.645873451,0.269413981,0.109637307,0.808231346,0.94330191,0.956529536,0.188611735,0.143797412,0.069441225,0.203954638,0.76616759,0.311400494,0.389809015,0
4,1,0,5,12,2,2,3,2,0.708333333,354,0,0,0,0.428571429,0,0,85.5,10,2.75,43,2,26,0,1,5,5,0.705274553,0.346861175,0.979903634,0.612720206,0.939418648,0.069402123,0.711169441,0.518942233,0.289931266,0.20114344,0.143477945,0.909639281,0.205754951,0.78044122,0.509921369,0
2,4,0,2,4,1,1,1,1,2,13,0,0,0.923076923,0.666666667,1,1,5.5,2,1,86,1,59,0,3,6,1,0.870134527,0.430989538,0.311161965,0.167437138,0.803292121,0.428488947,0.424273892,0.453793574,0.430965523,0.792817,0.174961342,0.463396993,0.085759223,0.826019741,0.522231071,0
3,3,0,11,13,1,1,10,3,1,88,1,1,0.666666667,0.533333333,1,3,28,3,1.6667,53,2,30,0,3,9,1,0.561577944,0.615075356,0.361043013,0.633629524,0.650982552,0.023264317,0.961157919,0.136054338,0.061129236,0.605112867,0.729346498,0.736632104,0.726022095,0.697260192,0.807319447,0
2,2,0,6,4,1,4,2,0,2,39,0,0,0.923076923,0.666666667,1,3,18.5,4,2,11,1,53,0,3,5,1,0.811130484,0.661231117,0.499183551,0.776918751,0.640992428,0.883980839,0.159924013,0.667239903,0.371245704,0.678208897,0.97035823,0.489502095,0.473598541,0.666824537,0.974202611,1
2,1,0,17,7,1,17,0,2,2,21,0,0,0,0.5,0,0,9.5,2,1,50,1,24,0,1,9,4,0.005572316,0.584576513,0.859337871,0.236008704,0.196418571,0.684744569,0.228054757,0.04719368,0.096433755,0.099921997,0.52000689,0.313208908,0.908964172,0.573301543,0.326792688,1
2,2,0,4,3,1,3,1,2,1,16,0,0,0,0.875,0,0,6.5,0,0,54,4,30,0,1,4,2,0.152715532,0.950510074,0.568534164,0.224742499,0.986550039,0.701919544,0.890514874,0.865401933,0.869775989,0.531495608,0.681885519,0.716821395,0.22800373,0.82062696,0.318640207,0
2,1,7,23,3,1,23,0,2,2,5,0,0,0,0.666666667,0,0,1.5,1,0.5,50,1,54,0,1,4,4,0.94796308,0.254012282,0.589512395,0.628690698,0.334247192,0.479563554,0.776134144,0.011839515,0.626768263,0.065418249,0.527748213,0.858629162,0.29978088,0.334534859,0.495957802,0
2,3,0,7,12,1,0,7,1,2,52,0,0,0.947368421,0.833333333,0,0,25,5,2.5,86,1,58,0,2,2,1,0.141648899,0.880979661,0.676443251,0.99627064,0.549102222,0.701895176,0.542271748,0.907347301,0.560550344,0.915273404,0.347369791,0.422027468,0.900089212,0.97604038,0.428925107,1
11,1,0,10,44,1,2,8,0,0.719047619,658,0.523809524,7,0,0.366666667,0,0,56.90909091,7,1.2727,97,3,46,0,2,1,2,0.707159077,0.151590395,0.943928352,0.92439712,0.686380699,0.772792054,0.237761826,0.75354044,0.127917894,0.437620565,0.961686565,0.135933573,0.620784507,0.911953643,0.13127497,0
2,5,0,3,4,1,2,1,1,2,9,0,0,0.928571429,0.666666667,1,1,3.5,1,0.5,42,3,4,0,3,3,3,0.309834656,0.945700928,0.549281742,0.338664257,0.231744552,0.602320508,0.404140345,0.302248164,0.606115711,0.985907654,0.399218515,0.439734256,0.954898332,0.4424248,0.46816092,0
7,1,0,8,15,1,6,2,5,1.075757576,969,0.363636364,0,0,0.333333333,0,0,135.8571429,14,7.7143,81,1,66,0,2,7,4,0.576655291,0.410273997,0.9880927,0.168058648,0.21175612,0.10029626,0.415153024,0.644484714,0.700412136,0.09641457,0.435772712,0.792764497,0.057532751,0.785520636,0.052305765,0
5,2,0,19,18,0,8,15,4,0.785714286,84,0,7,0.5,0.4,0,0,14.4,3,1.2,19,2,13,0,1,4,3,0.666704461,0.248837915,0.503069686,0.914203672,0.230163664,0.876876493,0.554544759,0.518951508,0.702454839,0.506228082,0.4974278,0.128317542,0.682536314,0.318832088,0.128431583,0
13,1,0,13,61,0,4,9,0,0.881944444,553,0.333333333,3,0,0.179487179,0,0,40.61538462,4,1,71,4,15,0,2,6,5,0.642415772,0.092976932,0.106165595,0.615135225,0.929967941,0.650183163,0.332130099,0.640070644,0.699407725,0.503247924,0.426800027,0.95218616,0.794961464,0.778113241,0.945970885,0
6,2,0,10,25,0,2,10,6,0.666666667,91,0,3,0.5,0.333333333,0,0,13.66666667,1,0.8333,32,2,46,0,1,4,1,0.141600471,0.455853083,0.71398422,0.703608576,0.381270145,0.860957474,0.53814511,0.545549488,0.333869155,0.108224136,0.612590219,0.585735116,0.359302914,0.912951414,0.12005907,0
6,2,0,2,17,0,0,2,6,0.1,90,1,1,0.5,0.583333333,1,1,13.66666667,2,1.1667,7,2,38,0,1,1,5,0.85025638,0.767759099,0.896468039,0.259936507,0.894901001,0.994245792,0.535880442,0.463476791,0.614571432,0.58882566,0.982412242,0.053505004,0.803517548,0.099468701,0.480808043,0
2,1,0,7,5,0,4,5,1,0.833333333,57,0,3,0,0.75,0,0,24.5,1,0.5,14,4,23,0,1,8,1,0.276157961,0.993702585,0.73886723,0.159358601,0.761831242,0.108116512,0.292595549,0.6989497,0.2778615,0.805740251,0.358902615,0.115347177,0.658825354,0.410054481,0.910861218,1
3,1,1,14,4,0,13,1,3,0.666666667,25,0.333333333,1,0,0.583333333,0,0,6.333333333,1,0.6667,25,4,68,0,1,8,5,0.323227647,0.333021656,0.316989818,0.613942036,0.418363219,0.069408537,0.648714317,0.040232355,0.199962897,0.890805455,0.679111299,0.943090033,0.875291736,0.640129481,0.67122969,1
6,1,1,3,16,0,1,2,0,0.466666667,178,1,1,0,0.611111111,0,0,28.16666667,3,1.3333,60,4,70,0,3,9,5,0.166688407,0.501031533,0.285733292,0.609013369,0.537103794,0.996510685,0.325301867,0.684445503,0.360018978,0.757171182,0.57717392,0.941736552,0.313191073,0.791940829,0.715409621,0
5,1,0,7,14,0,3,4,0,0.75,108,0.333333333,4,0,0.4,0,0,19.4,5,1.6,91,1,35,0,3,9,1,0.92899759,0.09270255,0.080897249,0.734121675,0.543718505,0.409172545,0.169822575,0.182787472,0.853917386,0.941493015,0.830265076,0.21519305,0.910151427,0.515388561,0.491780925,0
3,2,0,4,8,0,0,4,3,0,28,1,1,0.5,0.666666667,1,1,8,1,0.6667,59,1,9,0,2,2,2,0.656562038,0.528369376,0.234277439,0.908532967,0.059466972,0.585346451,0.140179452,0.905286369,0.458895758,0.278157331,0.16783301,0.176529155,0.024080602,0.005883207,0.734287286,0
11,2,0,6,27,0,1,5,11,0.45,348,1,0,0.571428571,0.287878788,2,3,30.09090909,15,3.0909,14,3,40,0,3,1,1,0.097234435,0.081471544,0.302040991,0.501255817,0.769519479,0.625060896,0.527034595,0.525083506,0.248928705,0.905537269,0.94411536,0.802769066,0.451873407,0.859234751,0.741397241,1
9,2,0,22,46,0,9,16,4,0.836538462,770,0,6,0.222222222,0.232142857,1,1,83.11111111,12,3.6667,4,2,6,0,2,2,3,0.778590825,0.488325144,0.906382925,0.345598225,0.217055038,0.721324907,0.914411062,0.02224814,0.76089595,0.104280095,0.173936439,0.034214132,0.623900253,0.383572828,0.643346635,1
5,1,0,5,30,0,1,4,0,0.1875,227,0,0,0,0.3,0,0,43.6,7,2.6,8,1,27,0,1,8,1,0.886989539,0.639925787,0.390463886,0.148255773,0.023140351,0.138063999,0.378575947,0.707123381,0.211531905,0.467625803,0.431785453,0.818296518,0.474276801,0.868298021,0.157662326,0
6,1,0,13,42,0,2,11,2,0.628571429,599,0.571428571,5,0,0.3,0,0,97.66666667,1,0.6667,88,3,16,0,3,5,5,0.447411215,0.85578285,0.586629114,0.792931019,0.032390322,0.39508712,0.425204629,0.763203397,0.265156274,0.903757042,0.114176268,0.297964286,0.486915096,0.31006469,0.332967131,1
8,3,0,8,29,0,0,8,7,0.142857143,118,1,1,0.333333333,0.375,1,1,13.625,3,1,61,2,49,0,1,2,2,0.304080151,0.239784956,0.197908736,0.038484057,0.884409687,0.160084935,0.164826338,0.809541879,0.852186126,0.970180121,0.56528817,0.644597624,0.417355772,0.095794763,0.781065949,1
6,2,1,7,13,0,2,5,4,0.6,117,1,2,0.25,0.5,0,0,18,4,1.3333,42,2,15,0,3,6,3,0.401866948,0.618096697,0.292799245,0.111614533,0.511015881,0.347659432,0.226551042,0.982691715,0.53842902,0.040137389,0.565887972,0.035456349,0.190381613,0.142722956,0.897313236,0
1,1,1,23,2,0,23,0,1,2,12,0,0,0,1,0,0,9,0,0,9,4,6,0,1,3,4,0.868472253,0.559086665,0.413326184,0.694074683,0.059243237,0.925384681,0.91007739,0.038175943,0.945157478,0.801050909,0.6855335,0.275658712,0.473412342,0.995473175,0.56926168,0
5,3,0,3,18,0,2,1,4,0.55,408,0.4,1,0.866666667,0.4,1,1,79.6,14,4.8,94,2,62,0,1,3,3,0.397391923,0.975286517,0.796388237,0.804413711,0.740128379,0.926898834,0.075982046,0.97149002,0.719964757,0.584997193,0.99805812,0.56469134,0.425680633,0.380166176,0.87359215,1
10,3,1,10,28,0,2,8,10,0,122,1,1,0.653846154,0.266666667,2,2,11.1,4,1.3,99,1,39,0,3,5,1,0.431663315,0.80738169,0.208382417,0.074253498,0.103276814,0.172027479,0.27429034,0.658635091,0.558401742,0.031213424,0.66033659,0.907450528,0.12318934,0.715558513,0.261324811,0
1,1,0,6,1,0,4,2,1,2,1,0,0,0,1,0,0,0,1,1,32,3,38,0,1,6,1,0.64839293,0.290232955,0.893110563,0.91909541,0.237210873,0.193938141,0.611327968,0.016182883,0.776395224,0.580634735,0.854332246,0.66981477,0.159450081,0.081212645,0.731311645,0
8,2,1,2,16,0,1,1,8,0,56,1,1,0.681818182,0.395833333,1,2,5.875,1,0.875,79,4,53,0,2,9,2,0.244065152,0.300929416,0.1329671,0.103658472,0.395498938,0.873326124,0.854854073,0.180871521,0.933447284,0.302462822,0.592425375,0.778748505,0.922003008,0.142698425,0.492010052,1
3,2,0,4,8,0,1,3,3,0,43,1,0,0.666666667,0.833333333,0,0,13,1,0.6667,89,4,60,0,1,4,2,0.520632492,0.288872841,0.923408005,0.201748802,0.548665685,0.279631493,0.277475555,0.208732841,0.006616087,0.552765799,0.886022706,0.066937078,0.044717799,0.533825697,0.611537854,0
16,1,0,3,24,0,2,2,12,0.383333333,361,1,2,0,0.328125,0,0,21.3125,7,1.75,48,2,66,0,1,9,2,0.27238677,0.287893027,0.260701094,0.450660086,0.361883854,0.21928734,0.738342687,0.793750673,0.6152778,0.965109334,0.777448476,0.261953115,0.535875984,0.195908285,0.156009424,0
25,1,0,3,35,196,2,2,10,0.968495935,729,0.707317073,0,0,0.214285714,0,0,26.52,3,1.28,0,1,6,5.5,3,1,5,0.473611757,0.510394532,0.542957472,0.500105651,0.098447106,0.990999465,0.503125813,0.506050681,0.796669787,0.273218976,0.735116421,0.119953895,0.082034392,0.174059066,0.316153146,0
23,1,0,12,66,99,3,9,2,0.847593583,1164,0.470588235,4,0,0.231404959,0,0,48.86956522,2,0.8696,70,4,29,0,3,1,5,0.767017062,0.023534791,0.584444301,0.555681522,0.949024195,0.848056989,0.302273503,0.04962129,0.832215158,0.465673747,0.911983108,0.203910201,0.027670004,0.370516487,0.022210057,0
16,2,0,9,40,70,2,7,16,0.72,267,1,2,0.575757576,0.5,1,5,15.375,1,0.875,96,4,57,0,3,7,3,0.252953149,0.007433185,0.743178828,0.416860723,0.286694308,0.667674527,0.127551801,0.039565814,0.624628327,0.772631021,0.767282687,0.80636629,0.530605954,0.755002112,0.547113839,0
14,3,0,13,24,69,0,13,12,0.963369963,723,0.571428571,0,0.454545455,0.205128205,0,0,49.14285714,1,0.8571,13,4,55,0,2,8,1,0.079407764,0.095411558,0.661803525,0.90951906,0.34776385,0.327365452,0.266864781,0.798885957,0.125802184,0.984582633,0.551542672,0.516731202,0.393218776,0.532109715,0.597951972,1
13,1,0,8,36,58,1,7,13,0.791666667,191,1,2,0,0.201923077,0,0,13.38461538,1,0.9231,95,3,6,0,2,1,1,0.332783363,0.296266047,0.121742702,0.212991904,0.838364143,0.288346345,0.077356407,0.674796508,0.315476098,0.603142151,0.154881089,0.933101218,0.069426994,0.765725239,0.395708136,0
13,2,0,13,25,46,3,11,3,0.833333333,364,0,5,0.352941176,0.196969697,0,0,26.30769231,14,2.4615,20,4,23,0,3,1,2,0.729456146,0.998569879,0.510640175,0.581662363,0.966830783,0.885972921,0.996793551,0.374571294,0.230685521,0.323863602,0.818584775,0.018613603,0.347460807,0.960478348,0.243285924,0
17,2,2,4,33,42,3,1,10,0.6953125,478,0.625,0,0.548387097,0.302083333,1,5,26.64705882,8,1.2941,72,1,55,0,2,4,5,0.608116019,0.557007812,0.403078317,0.9610807,0.40186388,0.827206975,0.293230255,0.820920298,0.545992666,0.35109126,0.209969146,0.602331688,0.208413186,0.100225049,0.081813786,0
13,2,0,8,22,38,5,3,10,0.658333333,447,0,1,0.607142857,0.214285714,1,4,32.61538462,8,2.3846,75,4,19,0,1,7,5,0.722887945,0.960741427,0.754578195,0.99861484,0.656469812,0.395114728,0.052953406,0.026898229,0.204498413,0.04484076,0.360518932,0.524661099,0.36057212,0.64356169,0.535231198,0
12,2,0,9,33,34,0,9,5,0.590909091,453,1,0,0.885057471,0.283333333,1,5,36.58333333,3,1,94,4,65,0,3,8,3,0.337234573,0.083805963,0.208881222,0.94863243,0.397684106,0.860396324,0.906709412,0.490344151,0.599635622,0.399711419,0.967310304,0.927297218,0.949534168,0.976369904,0.943156063,0
13,1,0,4,22,32,3,1,10,0.783333333,135,0.8,1,0,0.269230769,1,1,9,7,1.3846,95,2,17,0,1,7,4,0.118640049,0.017538236,0.018511777,0.972213862,0.182075502,0.599946643,0.994212356,0.607852441,0.807743496,0.855829909,0.557714372,0.187704014,0.944099197,0.821393299,0.882033419,1
9,2,0,13,46,32,2,12,3,0.90625,409,0.5,1,0.416666667,0.25,0,0,44,1,0.7778,91,3,26,0,1,9,5,0.334075108,0.985035969,0.078621267,0.331396641,0.1170315,0.422447353,0.666933241,0.608274948,0.371423388,0.941825026,0.017381631,0.998124024,0.697946403,0.104844969,0.674565414,0
8,1,0,30,8,28,28,2,8,2,8,0,0,0,0.3,0,0,0,1,1,65,3,51,0,2,5,2,0.846243392,0.33764811,0.574113288,0.977951133,0.947824844,0.600990183,0.429170616,0.505754536,0.133675675,0.249833894,0.98150794,0.089119591,0.187091638,0.780046399,0.387422399,0
8,1,2,9,9,28,5,5,0,1,16,0,1,0,0.267857143,0,0,0.875,1,0.875,88,1,68,0,3,2,2,0.41060909,0.133496726,0.740050216,0.036687319,0.070461603,0.112731463,0.617402299,0.572289695,0.622818028,0.242539189,0.589381626,0.097645391,0.423125927,0.108097688,0.817235443,1
16,2,0,11,33,26,9,2,11,0.688888889,332,0.666666667,1,0.566666667,0.175,1,5,19.1875,2,0.9375,37,4,6,0,2,7,5,0.773205736,0.798029842,0.235340913,0.683293044,0.970310187,0.58557793,0.317918436,0.829830505,0.488184852,0.392237915,0.102211822,0.079652249,0.542235172,0.895578989,0.964869939,0
9,2,0,12,21,24,2,12,5,0.916666667,167,0,6,0.363636364,0.270833333,0,0,16.55555556,6,2,32,4,42,0,2,5,1,0.069226308,0.366605796,0.629709718,0.916703259,0.586511769,0.451903747,0.022735941,0.06190585,0.48660801,0.151941035,0.88423813,0.16722201,0.070001259,0.189283079,0.497980592,0
7,1,2,10,8,21,7,3,0,2,10,0,0,0,0.4,0,0,0.428571429,1,0.8571,77,3,8,0,2,1,1,0.022394513,0.809108585,0.503946673,0.72600085,0.102172,0.80929885,0.523793865,0.844781874,0.519678795,0.258504821,0.247121409,0.870233963,0.861984254,0.927979362,0.701847567,0
7,1,3,9,8,21,6,4,0,1,15,0,1,0,0.342857143,0,0,1,1,0.8571,62,4,67,0,2,3,5,0.445117505,0.936594696,0.663439047,0.151848374,0.660333819,0.488348374,0.545430374,0.098151649,0.221791091,0.867792999,0.657616021,0.522562215,0.220086057,0.051208975,0.418493946,0
7,1,0,1,10,21,1,0,7,2,155,0,0,0,0.321428571,0,0,21.14285714,4,2.5714,72,2,42,0,2,4,2,0.539419613,0.389971106,0.96498406,0.742451205,0.505731686,0.827443599,0.615140637,0.655356147,0.59896593,0.021870507,0.808523072,0.372804537,0.68469505,0.56511129,0.474084434,0
7,1,2,5,9,21,5,1,6,2,18,0,0,0,0.476190476,0,0,1.571428571,1,0.8571,27,1,6,0,2,1,2,0.49865741,0.210704348,0.256882914,0.904051969,0.052326909,0.654623821,0.6726163,0.353136409,0.218457114,0.948228181,0.052925122,0.819542375,0.002612153,0.065281445,0.094605183,0
7,1,1,7,8,21,4,4,0,1,15,0,1,0,0.342857143,0,0,1,1,0.8571,20,2,36,0,2,2,2,0.910016178,0.49356117,0.932315975,0.645956182,0.376624372,0.976449826,0.917065909,0.140917038,0.449138221,0.69103906,0.701701981,0.291131982,0.770758127,0.216659383,0.809825132,0
7,2,0,3,10,21,3,1,7,2,54,0,0,0.714285714,0.5,1,2,6.714285714,1,0.8571,99,1,52,0,2,7,3,0.457787348,0.621380179,0.595999292,0.220089103,0.636770378,0.87390824,0.392816797,0.70962086,0.252670766,0.574445585,0.68432793,0.270027128,0.255662138,0.690449971,0.345538269,1
11,1,0,3,17,19,3,1,0,0.833333333,133,0.5,1,0,0.386363636,0,0,10.54545455,2,0.9091,94,4,13,0,2,9,3,0.427427452,0.581874825,0.344122415,0.15508385,0.917431807,0.105347512,0.813198126,0.140014852,0.02545382,0.997878275,0.072949953,0.961632703,0.888731378,0.058074407,0.00408744,1
10,2,1,2,12,17,1,1,8,0.555555556,185,0.75,0,0.653846154,0.36,1,5,17.1,1,0.9,3,3,22,0,1,9,5,0.510398148,0.866467617,0.157567265,0.184900883,4.57E-04,0.916444776,0.122705138,0.07058741,0.991354485,0.063405525,0.9697475,0.107689788,0.937302305,0.142152902,0.033169242,0
7,1,4,12,8,17,11,1,5,0.833333333,28,1,0,0,0.380952381,0,0,2.714285714,1,0.7143,6,4,22,0,1,5,5,0.409787571,0.451155664,0.908408463,0.57197849,0.561315093,0.55720425,0.297444812,0.884956722,0.645220055,0.535114775,0.25757324,0.444191927,0.851472733,0.324518589,0.482920189,0
6,1,1,5,7,15,3,3,0,2,9,0,0,0,0.416666667,0,0,0.5,1,0.8333,48,4,55,0,1,8,1,0.746712982,0.359407341,0.479694755,0.324914791,0.291323484,0.005986803,0.883862566,0.418810519,0.747171141,0.630524834,0.713875246,0.303832576,0.78671545,0.31126266,0.05128416,0
6,2,0,8,8,15,2,8,1,1,30,0,2,0.444444444,0.333333333,0,0,3.666666667,1,0.8333,42,1,48,0,2,4,3,0.767504436,0.307090263,0.498511891,0.810680811,0.44564749,0.40057061,0.775750398,0.686376992,0.367676168,0.144029474,0.987900307,0.862983951,0.802273012,0.854810868,0.417661076,0
6,1,1,7,7,15,4,4,0,2,9,0,0,0,0.366666667,0,0,0.5,1,0.8333,83,3,51,0,1,9,1,0.351670083,0.929430558,0.18232645,0.261364941,0.317087902,0.676243334,0.729536128,0.126426996,0.483406992,0.4023723,0.941178665,0.533206959,0.235333668,0.933031106,0.564836806,1
6,1,3,8,7,15,6,2,6,2,12,0,0,0,0.444444444,1,1,1,1,0.8333,39,1,45,0,2,7,2,0.820642371,0.090003319,0.798611161,0.675448437,0.135647289,0.910925349,0.117853988,0.867807485,0.623876067,0.552152811,0.851289732,0.997292507,0.750988752,0.885372353,0.589194419,0
9,1,0,9,51,14,3,6,5,0.703125,414,0.75,2,0,0.303571429,0,0,44.11111111,4,1,41,3,64,0,1,8,4,0.047305675,0.771754349,0.23775144,0.613612455,0.893877855,0.877324295,0.421396472,0.514506249,0.068854428,0.67936384,0.978909309,0.389833991,0.567971153,0.006034844,0.499206542,0
27,1,0,1,44,13,1,0,13,0.600961538,1158,1,0,0,0.25308642,0,0,41.59259259,26,5.6667,9,3,13,0,1,4,2,0.366305114,0.050053095,0.199233108,0.389076075,0.598010593,0.302120859,0.95904727,0.950247816,0.096571283,0.26096007,0.998137919,0.122331042,0.360175038,0.094171468,0.502209051,0
6,2,0,3,15,11,0,3,6,0.85,110,1,0,0.555555556,0.388888889,0,0,16.66666667,4,1.5,95,4,46,0,1,9,5,0.785136706,0.647776984,0.491111284,0.152465744,0.444865679,0.332185808,0.356295715,0.662620665,0.782694733,0.448457915,0.790110445,0.852824559,0.333957,0.461120492,0.279456063,0
5,1,3,13,6,10,10,3,0,2,8,0,0,0,0.6,0,0,0.6,1,0.8,40,4,30,0,2,2,1,0.996018569,0.572426727,0.942760799,0.371215891,0.424544126,0.707828354,0.251932204,0.086735721,0.850093653,0.683566683,0.099886973,0.100063009,0.981218216,0.894669399,0.749456053,1
5,1,2,11,6,10,8,4,2,2,8,0,0,0,0.466666667,0,0,0.6,1,0.8,30,1,5,0,3,4,5,0.688543652,0.335273227,0.430907577,0.203500835,0.848900715,0.143075561,0.743025159,0.468415954,0.069380985,0.145850829,0.556624941,0.002199789,0.008268067,0.080350112,0.819589316,0
5,1,1,8,6,10,6,3,0,2,8,0,0,0,0.466666667,0,0,0.6,1,0.8,13,1,52,0,3,9,1,0.663113507,0.252535441,0.518941372,0.266697861,0.305798062,0.412983282,0.068178935,0.746917387,0.71023818,0.532423627,0.557032496,0.720022201,0.940468821,0.979765334,0.62600664,0
5,1,1,7,6,10,5,2,0,2,8,0,0,0,0.4,0,0,0.6,1,0.8,83,4,13,0,3,8,3,0.245153394,0.328589665,0.209509864,0.30038167,0.539142118,0.647978058,0.029073212,0.957181329,0.543520865,0.66967199,0.512103118,0.984711266,0.902661762,0.665946323,0.761809238,0
5,2,0,2,6,10,1,1,4,2,15,0,0,0.5,1,1,2,2,1,0.8,29,3,10,0,1,8,1,0.500108563,0.221209986,0.310393788,0.223849975,0.754698798,0.335230563,0.650283534,0.651617711,0.894145847,0.457012608,0.957131426,0.290133099,0.075374359,0.115741745,0.993509906,0
5,2,0,10,7,10,3,8,3,1,28,0,2,0.5,0.4,0,0,4.2,1,0.8,84,1,51,0,2,3,4,0.749221953,0.788839988,0.913663509,0.088180412,0.851691774,0.527059975,0.577383128,0.841419948,0.244759356,0.642679271,0.025010428,0.229661394,0.326808849,0.459237846,0.96577556,0
5,1,1,9,6,10,6,4,0,2,8,0,0,0,0.466666667,0,0,0.6,1,0.8,82,2,65,0,2,3,1,0.886092945,0.719895813,0.4881167,0.422818673,0.080181807,0.756369951,0.713325877,0.95741069,0.890186448,0.931541444,0.782809766,0.477531146,0.520612033,0.186209839,0.394450711,1
5,2,0,2,8,8,2,0,3,0.5,90,0,0,0.714285714,0.45,1,2,16.4,3,1.2,2,3,59,0,1,1,3,0.994017409,0.744100324,0.084997427,0.476697826,0.624226983,0.159115481,0.593110796,0.330419176,0.142661729,0.924954268,0.93163542,0.914723695,0.999426254,0.809604636,0.247862667,0
9,2,2,7,14,8,5,2,6,0.5,103,1,2,0.384615385,0.407407407,1,2,10.22222222,2,1,49,2,2,0,2,3,3,0.7641092,0.925848573,0.156996261,0.853889041,0.610824463,0.303801319,0.996727406,0.691189608,0.58784134,0.392639437,0.369770514,0.399383031,0.744221694,0.486054697,0.41640742,0
8,2,2,3,15,8,2,2,7,0.285714286,48,0,0,0.5,0.5,1,1,4.875,1,0.75,67,2,32,0,2,2,1,0.21420259,0.539604542,0.490531911,0.043783444,0.044633337,0.228011485,0.300382656,0.189820895,0.891596188,0.376597729,0.119097462,0.681763178,0.709409917,0.093423271,0.370417343,0
10,2,0,24,37,7,9,18,4,0.759259259,276,0,8,0.333333333,0.188888889,0,0,25.4,4,1.4,89,1,31,0,1,8,1,0.20853617,0.027329189,0.751313868,0.345805222,0.168478795,0.181970003,0.066008926,0.434737517,0.657586339,0.62705253,0.114801363,0.963707078,0.833738578,0.265380722,0.306309742,1
4,4,0,3,7,6,2,2,1,2,26,0,0,0.98125,0.5,2,3,5.5,3,1.25,89,3,31,0,1,9,3,0.278217946,0.537939564,0.143186463,0.688656044,0.749637515,0.579133033,0.369053407,0.051191811,0.835616799,0.870424697,0.35835457,0.602656538,0.226967524,0.883012273,0.281016724,0
4,1,0,16,6,6,15,3,3,1,15,0,2,0,0.833333333,0,0,2.25,1,0.75,28,4,35,0,1,9,2,0.242471659,0.548799404,0.680254048,0.844090684,0.791904351,0.653812037,0.364548523,0.259297388,0.180774478,0.409338721,0.933782621,0.460193491,0.032326056,0.523456861,0.834696547,0
4,1,0,25,4,6,24,1,4,2,4,0,0,0,0.5,0,0,0,1,1,22,1,39,0,2,8,1,0.130664379,0.069240709,0.572287601,0.535223863,0.173440168,0.325828533,0.59146388,0.971593814,0.263346282,0.554660006,0.387211246,0.395112548,0.464751411,0.365577383,0.60172593,0
5,2,0,4,7,6,1,3,4,0.75,24,1,2,0.571428571,0.625,0,0,3.4,1,0.6,20,2,63,0,3,3,5,0.905115339,0.926116918,0.223412287,0.9393685,0.710401004,0.772199602,0.515339251,0.910142557,0.529518781,0.389563429,0.969694899,0.4010247,0.524908612,0.052661995,0.409973715,0
4,4,0,1,8,6,1,0,4,2,20,0,0,1,0.666666667,0,0,4,0,0,69,1,27,0,3,1,1,0.484686045,0.631386962,0.344076647,0.085404924,0.146348562,0.205855181,0.809198864,0.243154215,0.912858752,0.365633403,0.243326243,0.888492373,0.888991368,0.012156875,0.368355952,0
7,2,0,9,20,5,2,8,3,0.796296296,191,0,4,0.285714286,0.277777778,0,0,25,8,1.7143,100,2,56,0,2,8,3,0.56915154,0.331730827,0.67630273,0.645681712,0.56744172,0.361386185,0.872747007,0.241146937,0.496575204,0.230994707,0.550627059,0.611695669,0.474304471,0.732430156,0.442671883,0
6,1,5,5,18,5,5,0,1,0.6,88,0.5,0,0,0.7,0,0,13.33333333,1,0.5,100,3,62,0,2,3,5,0.764353106,0.340196271,0.832217578,0.622447373,0.743409567,0.187824159,0.089844819,0.45263613,0.726562578,0.790475037,0.847220407,0.739629863,0.180627324,0.496566955,0.019721532,0
4,3,0,4,14,4,1,3,2,0.833333333,74,0,0,0.777777778,0.416666667,1,2,17,1,0.5,52,1,24,0,3,8,1,0.50813202,0.749876825,0.745866104,0.428813653,0.894305428,0.248451987,0.324268336,0.899355376,0.675225296,0.997798538,0.397783923,0.571834181,0.307358598,0.073195941,0.959704286,1
4,1,0,5,10,4,5,0,0,1.243589744,298,0,0,0,0.444444444,0,0,67,4,1.75,91,2,36,0,2,7,4,0.297044659,0.629620954,0.238304863,0.864249786,0.383042387,0.327646006,0.153747797,0.791008724,0.856083293,0.879810663,0.835284523,0.398651846,0.146442364,0.864346925,0.636898877,0
8,1,0,1,15,4,0,1,6,0.547619048,240,0.5,1,0,0.30952381,0,0,28.25,8,2.75,30,2,18,0,2,1,1,0.713858835,0.301772607,0.195977499,0.484608227,0.83370981,0.74474924,0.342288254,0.259553972,0.089159133,0.792734278,0.083494151,0.006021243,0.251075318,0.010339795,0.468624563,0
4,3,0,5,15,4,1,4,2,0.75,133,0.5,0,0.777777778,0.416666667,1,2,31.25,1,0.5,29,2,27,0,2,1,3,0.755831422,0.201942901,0.862371139,0.866681449,0.175671366,0.874975948,0.050771245,0.613017559,0.917146196,0.510456987,0.64278705,0.324798483,0.880195337,0.951704628,0.432483542,0
5,1,0,3,14,4,2,1,4,0.583333333,145,0.666666667,1,0,0.5,0,0,27.4,7,2.6,31,1,9,0,2,7,2,0.963767139,0.820813126,0.742954172,0.267290176,0.113444083,0.37734743,0.285838007,0.60884037,0.07235808,0.644849812,0.739217991,0.724611209,0.118751264,0.948133225,0.071884628,0
3,2,0,5,6,3,1,4,3,2,18,0,0,0.5,0.666666667,0,0,5,1,0.6667,13,2,18,0,2,8,2,0.851858649,0.227968973,0.623395211,0.176902692,0.522358821,0.629659126,0.087053715,0.246754979,0.494459375,0.898116971,0.836881984,0.45224356,0.173753866,0.054461652,0.489848191,0
11,2,0,11,37,3,3,10,6,0.757142857,281,0,3,0.4,0.2125,0,0,23.90909091,5,1.5455,32,2,52,0,3,3,3,0.138307955,0.677765937,0.201063358,0.267785506,0.27000189,0.870478753,0.952352973,0.581194098,0.398977581,0.647177008,0.013555133,0.714552361,0.346108167,0.053684252,0.831092352,1
3,1,2,5,4,3,4,2,1,2,6,0,0,0,0.666666667,0,0,1,1,0.6667,100,1,43,0,1,6,3,0.276728874,0.797226225,0.829809701,0.236685225,0.963437905,0.54817602,0.001766785,0.053230256,0.896596368,0.360075136,0.699616707,0.905914774,0.178226959,0.846998754,0.752400421,1
3,1,3,11,4,3,10,1,0,2,6,0,0,0,0.555555556,0,0,1,1,0.6667,16,1,61,0,3,8,5,0.78833102,0.855966509,0.878030067,0.042041715,0.122214017,0.376983273,0.379430421,0.842046822,0.663229999,0.344426905,0.28025254,0.480206965,0.277425588,0.800882706,0.381269515,1
3,1,1,6,4,3,5,1,0,2,6,0,0,0,1,0,0,1,1,0.6667,25,4,29,0,2,1,3,0.894884761,0.618157318,0.200008985,0.035732422,0.277145272,0.600087658,0.393872865,0.735940074,0.160879053,0.327892952,0.060939696,0.967314104,0.315097997,0.551201111,0.262840587,1
3,1,0,0,8,3,0,0,1,1,27,0,0,0,0.333333333,0,0,7.666666667,2,1,2,4,13,0,3,2,3,0.952467635,0.276513463,0.22054495,0.489348117,0.49488127,0.959754338,0.896587287,0.022852743,0.909267418,0.370685144,0.096212222,0.634171706,0.701673897,0.764345407,0.795109542,0
3,3,0,4,7,3,0,4,3,2,20,0,0,0.777777778,0.555555556,2,3,5.666666667,1,0.6667,50,4,55,0,3,9,1,0.185991908,0.968315772,0.132856934,0.014999645,0.828254031,0.874481046,0.398882927,0.900438709,0.308260447,0.610103984,0.381708405,0.290338063,0.437357432,0.355403577,0.652419659,0
6,2,0,3,12,3,0,3,6,0.6,69,1,0,0.555555556,0.380952381,0,0,9.833333333,1,0.6667,1,1,37,0,3,4,1,0.224513403,0.373464033,0.709772058,0.380656193,0.192407263,0.323183869,0.427018076,0.905658854,0.511064492,0.337107168,0.909499043,0.73809804,0.63864686,0.66336163,0.697235328,0
3,1,0,4,7,3,2,2,3,2,28,0,0,0,0.833333333,0,0,8.333333333,2,1,56,4,10,0,3,3,5,0.937321619,0.894561267,0.228194712,0.220014551,0.166706553,0.936414341,0.615614401,0.863908403,0.84820753,0.904909425,0.086697088,0.367098062,0.240635658,0.083336137,0.880196926,0
3,1,0,0,25,3,0,0,2,2,165,0,0,0,0.333333333,0,0,54,1,0.6667,4,4,2,0,2,8,1,0.070811088,0.919029207,0.006856671,0.13689984,0.222431232,0.794607661,0.039352586,0.85767525,0.302301188,0.969613631,0.017348563,0.393512397,0.375094655,0.655838334,0.628457039,0
3,2,0,5,9,3,2,3,0,2,47,0,0,0.857142857,0.555555556,1,3,14.66666667,4,1.6667,38,4,45,0,2,8,5,0.186133835,0.663255014,0.057348675,0.704197369,0.876247154,0.433362286,0.282948982,0.714729717,0.533583989,0.562873201,0.147604613,0.243740665,0.924335765,0.11306909,0.222297878,1
3,1,0,2,3,3,2,0,3,2,3,0,0,0,1,0,0,0,1,1,25,1,27,0,2,1,2,0.397633414,0.098769203,0.348433121,0.857315756,0.269460894,0.55575068,0.749413787,0.515845465,0.956245693,0.496585631,0.774174884,0.58263658,0.75085659,0.882245505,0.660029975,0
3,1,1,5,4,3,5,0,0,2,6,0,0,0,1,0,0,1,1,0.6667,31,2,61,0,3,8,2,0.412059793,0.460454986,0.183638084,0.182181301,0.673055072,0.951661421,0.706590323,0.622051747,0.365533156,0.599617408,0.916062175,0.486267995,0.102766474,0.545958427,0.511172069,0
3,1,0,1,6,3,1,0,2,2,62,0,0,0,0.333333333,0,0,19.66666667,4,2.6667,27,4,13,0,2,8,2,0.368565862,0.836788656,0.192132589,0.597763677,0.41850516,0.124172416,0.571975583,0.721416793,0.615637135,0.286560082,0.0495783,0.259208056,0.694993883,0.259561436,0.257912337,0
14,1,0,2,25,3,1,1,13,0.602564103,237,0,0,0,0.404761905,0,0,15.5,1,0.9286,12,1,19,0,1,9,3,0.979484937,0.342111335,0.432883,0.933132768,0.754377166,0.122955499,0.935822048,0.395362527,0.848360673,0.958517595,0.206641236,0.396357922,0.966274793,0.625591097,0.624850792,0
8,1,0,4,19,2,1,3,6,0.178571429,116,1,2,0,0.34375,0,0,13,2,1,26,1,6,0,1,9,3,0.471889564,0.370931996,0.11209093,0.899046807,0.128707016,0.084712157,0.822520698,0.704510547,0.772568419,0.735924973,0.936353381,0.189300244,0.011922555,0.525218134,0.397023004,0
5,3,0,3,15,2,0,3,3,0.75,708,0.5,0,0.7,0.333333333,1,2,139.8,79,16.2,51,1,8,0,3,3,1,0.829931686,0.434261595,0.413912043,0.954071718,0.397160759,0.980640685,0.690265391,0.294059254,0.494417399,0.023398064,0.629861286,0.477184471,0.692378923,0.406730383,0.226205015,0
5,2,0,3,19,2,0,3,5,0.7,188,0.8,0,0.625,0.428571429,0,0,35.6,18,4,93,1,70,0,3,4,1,0.837963944,0.077978692,0.944456481,0.565231928,0.456976349,0.070934355,0.668998382,0.518692406,0.398369047,0.406614744,0.708496507,0.042142847,0.41754623,0.531046478,0.925499457,0
4,3,0,4,18,2,0,4,2,0.777777778,78,0.333333333,1,0.777777778,0.416666667,1,2,17.75,1,0.5,26,2,3,0,3,3,5,0.424442293,0.383226073,0.289070213,0.363191997,0.806686477,0.566311011,0.536637109,0.087018704,0.578982272,0.381227181,0.175197664,0.149238098,0.106901045,0.674261172,0.752203123,1
4,3,0,3,12,2,0,3,2,0.75,79,0,0,0.777777778,0.4,1,2,17.75,1,0.5,14,1,44,0,2,8,1,0.806609754,0.54883871,0.182897878,0.691969945,0.531622734,0.996573854,0.933582314,0.725542777,0.32348802,0.413805555,0.029213869,0.730942133,0.825388874,0.787221662,0.17895552,0
4,3,0,4,12,2,0,4,2,0.777777778,58,0,1,0.777777778,0.4,1,2,12.75,1,0.5,20,4,30,0,2,2,2,0.935961606,0.055803116,0.79472671,0.05318156,0.215201023,0.786203525,0.315507252,0.36216744,0.14514495,0.834812731,0.044089338,0.716146028,0.59510015,0.11213529,0.653168827,0
6,2,0,12,12,1,1,11,6,0.64,173,1,6,0.921568627,0.35,0,0,26.16666667,6,1.5,83,1,62,0,1,7,5,0.744491688,0.913747659,0.62411184,0.944816048,0.275988216,0.536981298,0.144428366,0.329227024,0.867376459,0.063610595,0.40892921,0.003701316,0.882727658,0.256208446,0.844739112,0
2,1,0,2,3,1,0,2,2,2,7,0,0,0,0.75,0,0,2.5,1,0.5,34,2,60,0,2,7,2,0.691719937,0.489464438,0.511782751,0.594542913,0.230550024,0.517643719,0.81805698,0.086052179,0.258688779,0.665497169,0.732946743,0.580492525,0.262804861,0.722316743,0.882038779,0
2,1,0,8,2,1,8,0,2,2,2,0,0,0,1,0,0,0,1,1,14,2,9,0,1,3,4,0.112501314,0.417462181,0.263331056,0.087550069,0.382080184,0.860568352,0.83743244,0.961065789,0.718370586,0.740775414,0.913291632,0.284040826,0.756725828,0.396706491,0.076190191,0
2,4,1,2,4,1,1,1,1,2,9,0,0,0.923076923,0.666666667,1,1,3.5,1,0.5,78,4,17,0,3,9,5,0.865615812,0.092550486,0.386179427,0.388913297,0.434810826,0.965490807,0.712836363,0.413410133,0.512973557,0.145852959,0.366159607,0.709639219,0.347546183,0.493727187,0.63362063,1
2,1,0,1,7,1,0,1,2,2,37,0,0,0,0.75,0,0,17.5,3,1.5,75,3,67,0,3,5,1,0.783139854,0.244455287,0.439831885,0.760496799,0.534204146,0.610253086,0.107988262,0.314105391,0.063574475,0.046373259,0.12118341,0.762018617,0.170565411,0.457595635,0.856898482,1
7,2,0,3,32,1,1,2,6,0.583333333,346,1,0,0.444444444,0.444444444,1,2,47.57142857,2,0.8571,13,3,37,0,3,2,5,0.420598818,0.09446562,0.499405359,0.072385125,0.232925293,0.268583046,0.722522257,0.746739258,0.78381831,0.302377907,0.27910476,0.351545447,0.879690362,0.321191042,0.333850663,0
2,1,0,6,22,1,0,6,2,2,172,0,0,0,0.5,0,0,85,1,0.5,2,2,31,0,2,6,4,0.607900933,0.594111604,0.232442279,0.508846297,0.882596532,0.134905267,0.412745216,0.82768801,0.968742831,0.185500307,0.332727836,0.734950441,0.689580058,0.021881318,0.614961307,0
2,1,0,2,2,1,1,1,2,2,2,0,0,0,0.666666667,0,0,0,1,1,12,1,68,0,1,1,2,0.301052379,0.245873595,0.089004717,0.168826169,0.951332622,0.356183027,0.050676023,0.045868599,0.234384151,0.928190427,0.851153883,5.89E-04,0.593571701,0.174380935,0.879051674,1
2,2,2,5,3,1,2,3,2,2,5,0,0,0.666666667,0.75,0,0,1.5,1,0.5,77,4,54,0,1,4,2,0.234653556,0.005922762,0.105049523,0.060974136,0.767057527,0.970791667,0.621366138,0.622022148,0.008163863,0.604971039,0.027297035,0.198230278,0.257387941,0.800639719,0.087241383,0
2,2,0,5,4,1,3,2,0,2,51,0,0,0.923076923,0.666666667,1,3,24.5,6,3,61,3,4,0,1,4,3,0.875176696,0.768892733,0.819084897,0.993199982,0.186602223,0.05442301,0.058501418,0.387528601,0.57005708,0.845724916,0.588681457,0.613384155,0.088625396,0.51676303,0.125190802,0
2,1,0,4,2,1,2,2,2,2,2,0,0,0,1,0,0,0,1,1,8,1,39,0,3,8,5,0.175024704,0.934682618,0.802108075,0.856761932,0.690583918,0.573021312,0.318285139,0.682752777,0.144542077,0.881013585,0.571519703,0.686150535,0.98202444,0.676963206,0.433624705,0
10,1,0,4,38,0,0,4,9,0.388888889,287,1,0,0,0.34,0,0,27.5,5,1.6,75,1,52,0,1,3,3,0.627371336,0.55729126,0.300824368,0.804886133,0.404066422,0.442750192,0.191602356,0.774921425,0.543330809,0.419427015,0.458072423,0.074606541,0.240520241,0.974542201,0.62713726,1
3,1,0,3,7,0,2,1,3,0.142857143,125,0.142857143,1,0,0.555555556,0,0,38.33333333,3,1.6667,63,3,63,0,1,5,4,0.121782362,0.575682681,0.494147371,0.825917313,0.543001823,0.296990944,0.354465423,0.29553178,0.858881064,0.856964923,0.177289033,0.362722404,0.172075045,0.999905585,0.601278231,0
8,2,0,2,19,0,1,1,8,0.428571429,65,0,1,0.708333333,0.3,1,4,6.875,1,0.875,24,3,68,0,1,4,2,0.100618273,0.626682745,0.862980475,0.211000575,0.78645335,0.460372092,0.156740763,0.197291253,0.70868952,0.31844894,0.468730062,0.912808908,0.862291593,0.255607528,0.627920294,1
5,1,0,8,6,0,8,0,0,0.125,100,0,0,0,0.55,0,0,18.2,1,0.4,37,2,54,0,2,3,5,0.516218138,0.939907287,0.173279634,0.416294569,0.074599557,0.629830199,0.649157029,0.730588254,0.530366345,0.030966341,0.109770384,0.362496174,0.622808109,0.128427434,0.93890783,0
2,1,2,7,16,0,2,5,1,0,66,1,1,0,0.666666667,0,0,31.5,1,0.5,88,1,56,0,1,6,5,0.088864573,0.814721214,0.572397293,0.819715892,0.332519714,0.762701843,0.348594329,0.939494569,0.427490745,0.529344784,0.506083849,0.266243692,0.61547408,0.31847745,0.297986793,0
1,4,0,36,2,0,36,0,1,2,5,0,0,1,1,0,0,4,0,0,24,4,8,0,2,8,3,0.365530222,0.179229058,0.298707722,0.872214741,0.61976044,0.671846962,0.241654784,0.177298706,0.066248122,0.193658583,0.145409217,0.381381538,0.152307729,0.225341433,0.061015991,0
1,2,0,14,2,0,11,3,0,2,11,0,1,1,1,0,0,9,0,0,8,1,19,0,1,2,2,0.079405214,0.731296631,0.504513411,0.143581717,0.205683661,0.827803418,0.5265144,0.141570567,0.122848145,0.618765858,0.414597216,0.098682913,0.171234412,0.791245151,0.224459335,0
18,1,0,30,39,0,28,3,17,0.81372549,432,0.833333333,2,0,0.426470588,0,0,22.66666667,5,2.4444,37,4,21,0,1,6,2,0.31020609,0.161604099,0.692232892,0.762786039,0.07059565,0.86797273,0.593056017,0.928757479,0.781724235,0.315877316,0.27993892,0.517467925,0.387606479,0.30125764,0.962159691,0
5,1,0,5,12,0,4,1,0,0.678571429,95,0,2,0,0.533333333,0,0,16.6,1,0.8,5,1,9,0,1,8,5,0.945265902,0.958730124,0.2638697,0.752844909,0.332657543,0.3128371,0.741283721,0.608311348,0.784514323,0.24615595,0.330775365,0.665238493,0.621504261,0.640523921,0.15039375,1
1,1,0,19,1,0,18,1,1,2,1,0,0,0,1,0,0,0,1,1,74,2,8,0,2,1,1,0.941405438,0.296267389,0.683762639,0.760224126,0.100576895,0.989207794,0.138018352,0.816347066,0.529822787,0.686348328,0.686388454,0.361844746,0.800818297,0.50852882,0.381208183,0
2,1,0,5,5,0,1,5,2,1.166666667,31,0,4,0,0.666666667,0,0,11.5,1,0.5,82,2,16,0,3,5,4,0.887585947,0.501969289,0.754617226,0.678769983,0.252080713,0.660504617,0.511874294,0.868832313,0.723763658,0.926446736,0.266173063,0.228182458,0.140113007,0.090392307,0.964037161,1
7,2,0,14,30,0,2,13,4,0.25,136,0,2,0.5,0.285714286,0,0,18.14285714,1,0.8571,9,1,63,0,3,3,3,0.368342865,0.60892799,0.506818478,0.668172412,0.638169436,0.364066714,0.086517575,0.894308358,0.081285062,0.299382915,0.923090374,0.3394218,0.995271253,0.68519576,0.415600874,0
3,2,0,4,6,0,2,3,3,0.333333333,44,0,3,0.5,0.466666667,0,0,12.66666667,3,1.3333,68,1,13,0,2,7,2,0.628001002,0.488783566,0.201024936,0.06695934,0.213152433,0.955494625,0.25220517,0.486142427,0.578275045,0.042752929,0.940402532,0.022767409,0.893920572,0.791339656,0.938085639,1
5,2,0,3,19,0,1,2,5,0.375,100,0,0,0.5,0.466666667,1,2,18.6,1,0.8,84,1,30,0,2,4,1,0.03567077,0.066964504,0.94404383,0.700022397,0.590464673,0.36002354,0.475605483,0.374311001,0.754448383,0.492573176,0.391688504,0.299749546,0.241640355,0.148932562,0.385604997,0
4,2,0,4,5,0,1,3,3,0.666666667,65,0.666666667,1,0.777777778,0.476190476,0,0,14.5,4,2,29,3,30,0,1,9,4,0.851025893,0.119959469,0.417987622,0.080673652,0.524264574,0.030927881,0.947900243,0.616714608,0.567014846,0.109067784,0.864141172,0.47304673,0.203950302,0.239211223,0.218942121,0
10,1,0,7,30,0,1,6,6,0.574074074,303,1,3,0,0.228571429,0,0,28.7,4,1.6,79,3,37,0,1,9,1,0.790862128,0.154620268,0.222711739,0.007233962,0.816813152,0.114957072,0.471167548,0.810023693,0.295128752,0.834487286,0.045145773,0.357839368,0.264080386,0.740991995,0.948573562,1
11,2,0,2,25,0,1,1,11,0.35,98,0,1,0.62962963,0.242424242,1,5,7.727272727,1,0.9091,86,2,44,0,2,5,5,0.896437443,0.86949603,0.331533586,0.054152123,0.151634467,0.824802624,0.08304611,0.820055889,0.995119561,0.282958285,0.672139435,0.65769491,0.956521658,0.444153552,0.565974159,0
10,3,0,3,23,0,1,2,8,0.75,143,0.5,0,0.538461538,0.288888889,2,2,12.9,2,0.7,74,3,52,0,1,8,2,0.201593314,0.698198722,0.160232761,0.45765571,0.352457251,0.518596338,0.919680894,0.531684472,0.006503896,0.26236483,0.34575208,0.984983971,0.276358704,0.120150767,0.46320312,1
1,1,2,12,2,0,12,0,0,2,8,0,0,0,1,0,0,3,0,0,23,3,53,0,1,8,2,0.701657301,0.934799938,0.749332549,0.895932802,0.567937778,0.986439927,0.816949849,0.118277923,0.008778729,0.128260481,0.706228588,0.025827929,0.264383069,0.84955987,0.340771682,0
1,1,0,2,2,0,1,1,0,2,18,0,3,0,1,0,0,12,0,0,46,4,10,0,2,8,4,0.123126935,0.941258728,0.559662715,0.663845236,0.882164073,0.443965728,0.14997203,0.330671087,0.12899587,0.469812143,0.473132061,0.34957763,0.267988078,0.30665488,0.603791544,0
2,1,0,2,4,0,0,2,2,0,33,1,0,0,0.666666667,0,0,14.5,3,1.5,31,1,19,0,3,9,3,0.994134735,0.936880968,0.381203433,0.742172898,0.850941235,0.732928883,0.410896852,0.305667138,0.600117676,0.627774795,0.848328571,0.362823458,0.377844816,0.501015264,0.746404965,0
6,1,0,5,12,0,4,1,5,0.44,387,0.2,1,0,0.4,0,0,61.83333333,4,1.6667,51,4,52,0,1,7,4,0.515694595,0.869809796,0.85521056,0.261389472,0.463858185,0.228830438,0.024974663,0.39407124,0.47015399,0.544497623,0.78225291,0.907936542,0.54035946,0.47616487,0.224495877,0
13,2,0,14,52,0,3,14,5,0.763888889,584,0.333333333,5,0.352941176,0.179487179,0,0,43,20,3.3077,26,2,4,0,2,5,5,0.733729395,0.870547296,0.109622154,0.859969162,0.032135461,0.955572045,0.90490859,0.508255127,0.862080398,0.445961386,0.603455784,0.006141267,0.845911758,0.465242073,0.316682318,0
2,3,0,3,5,0,2,2,1,1,33,1,0,0.923076923,0.5,1,4,14.5,1,0.5,70,2,12,0,3,8,4,0.511879763,0.787507545,0.007746162,0.437224995,0.502254476,0.407141682,0.243487534,0.489253016,0.284537622,0.855846985,0.51143218,0.245119083,0.492874841,0.003701226,0.473590148,0
1,4,0,8,2,0,8,0,1,2,5,0,0,1,1,0,0,4,0,0,78,3,62,0,3,6,1,0.80509424,0.304600755,0.510229471,0.800678083,0.695367814,0.57633068,0.044500487,0.99338893,0.493312316,0.441635375,0.43273092,0.311143502,0.927416204,0.499045233,0.655407919,0
10,1,1,4,22,0,1,3,1,0.611111111,481,1,1,0,0.5,0,0,45.7,2,1,78,1,19,0,2,4,1,0.734000525,0.140848874,0.650308127,0.707958337,0.972490989,0.690482087,0.891932183,0.398435027,0.403598962,0.192738614,0.740345624,0.16574623,0.659080013,0.757589607,0.157723138,0
5,2,0,6,25,0,3,3,0,0.375,378,0,1,0.75,0.5,1,3,74.2,26,6.6,40,3,49,0,2,2,4,0.960058226,0.832032171,0.622338773,0.803236285,0.825475227,0.15427009,0.457439733,0.229301405,0.55304312,0.430662258,0.336386739,0.366914931,0.252150652,0.968257484,0.425639639,0
14,1,0,4,22,0,3,1,14,0.230769231,227,1,0,0,0.428571429,1,1,15,6,1.5,48,3,33,0,2,5,1,0.861492465,0.59436733,0.483611563,0.948186268,0.893761688,0.199510957,0.246110841,0.603256889,0.615565873,0.1511989,0.59803499,0.034821753,0.992797432,0.643406168,0.35617628,1
3,2,0,4,7,0,2,3,3,0.75,36,0,1,0.666666667,0.6,0,0,9.666666667,1,0.6667,92,3,44,0,3,2,4,0.010009212,0.77021666,0.969443907,0.447480803,0.906916878,0.742004925,0.080503016,0.194681412,0.465969576,0.198653129,0.686775921,0.96208343,0.732000679,0.016684738,0.588946872,0
20,2,0,23,47,0,10,16,7,0.785087719,1605,0.291666667,11,0.181818182,0.157894737,0,0,78.05,12,3.75,50,1,28,0,1,4,5,0.44829141,0.355828497,0.92155598,0.668816173,0.052949275,0.945409597,0.822964148,0.219349379,0.295324717,0.772097511,0.720915829,0.368552563,0.404259007,0.39792296,0.285121369,0
1,4,0,3,2,0,3,0,1,2,5,0,0,1,1,0,0,4,0,0,54,4,39,0,3,7,1,0.268276722,0.111109029,0.829726985,0.557469412,0.272407205,0.992144451,0.836234394,0.938244307,0.277138306,0.76366005,0.311378841,0.800640102,0.722077747,0.98505144,0.894668322,1
4,2,0,4,10,0,2,2,0,0.484848485,182,1,2,0.625,0.625,1,1,41.75,2,1.25,9,1,19,0,3,8,3,0.990216286,0.751425172,0.986733044,0.545386302,0.978258042,0.561326647,0.682329089,0.18090489,0.284303143,0.428842721,0.960785317,0.675169095,0.546238894,0.633053128,0.411878459,0
5,2,0,7,17,0,2,7,5,0,71,1,1,0.333333333,0.533333333,1,1,13,1,0.8,88,3,62,0,2,1,3,0.242514834,0.721438929,0.756566159,0.354800911,0.701548559,0.513738001,0.559703161,0.388302092,0.156828659,0.888871328,0.825811437,0.9677597,0.431851942,0.07994584,0.619169792,0
7,2,0,6,21,0,1,6,5,0.666666667,90,0.666666667,0,0.5,0.375,2,2,11.42857143,3,1,24,3,59,0,2,9,5,0.24235196,0.050972731,0.455934411,0.19638612,0.162846612,0.283823342,0.978696649,0.675247664,0.020352866,0.965076715,0.342830081,0.545745498,0.850186347,0.129796293,0.819173624,0
4,1,0,2,10,0,0,2,4,0,83,0,0,0,0.4,0,0,19.5,2,0.5,28,2,50,0,1,2,2,0.577084815,0.792906297,0.349043514,0.861935515,0.269464055,0.478720074,0.175261536,0.412333812,0.155435498,0.84530688,0.216832961,0.645620914,0.586284885,0.292765231,0.55510209,0
7,2,0,6,21,0,1,6,5,0.666666667,97,0.333333333,0,0.5,0.375,2,2,12.42857143,3,1,30,1,66,0,3,8,1,0.786431894,0.543104499,0.255659502,0.211576596,0.538460863,0.184318908,0.762969776,0.827404112,0.91763255,0.082370882,0.273633982,0.995020072,0.812358512,0.38218383,0.819396783,0
8,2,0,3,15,0,1,2,0,0.571428571,158,1,0,0.5625,0.425,1,3,17.875,1,0.875,30,1,9,0,1,2,2,0.245438153,0.542376651,0.272452802,0.555515051,0.445430485,0.478355871,0.123302568,0.126555815,0.20835198,0.424513469,0.675353833,0.079226716,0.336962424,0.568661403,0.250658727,0
13,2,0,11,39,0,4,7,4,0.761111111,394,0.533333333,6,0.294117647,0.211538462,1,2,28.15384615,1,0.9231,22,3,39,0,1,1,4,0.848221237,0.860466985,0.10762339,0.430310512,0.199066607,0.650535756,0.034221044,0.634673171,0.996490597,0.977921253,0.999185909,0.052215494,0.529953237,0.391224212,0.818859538,1
4,2,0,6,7,0,1,5,3,0.458333333,123,1,1,0.625,0.458333333,0,0,27.75,5,2.75,33,1,8,0,2,6,2,0.99249921,0.162076341,0.528807328,0.26968335,0.44151095,0.629686453,0.037017932,0.455492163,0.390852402,0.201260065,0.679443425,0.792224545,0.423227593,0.225485827,0.498833808,1
1,1,0,2,1,0,2,0,0,2,179,0,0,0,0,0,0,140,0,0,82,4,36,0,1,3,2,0.364899335,0.554915211,0.424264524,0.469852842,0.374482524,0.117944902,0.041450655,0.15119651,0.763347915,0.232243585,0.312887685,0.601859172,0.487241875,0.708848309,0.432052937,0
3,1,0,5,7,0,4,1,3,0.357142857,106,0.142857143,1,0,0.666666667,0,0,32,2,1,30,2,67,0,3,7,2,0.027048114,0.01978793,0.977347694,0.349406541,0.811187873,0.931974097,0.669155695,0.941544828,0.422975008,0.046233162,0.327337902,0.052726842,0.583313313,0.622735079,0.076679812,0
10,1,0,7,18,0,6,2,10,0.333333333,104,1,2,0,0.375,1,1,9.2,4,1.4,7,2,39,0,1,6,4,0.302442752,0.922708108,0.454252604,0.503700961,0.654012888,0.051211271,0.835344074,0.922529018,0.340580778,0.946868882,0.513561794,0.474603526,0.591702128,0.731854667,0.845905307,1
5,2,0,2,12,0,1,1,5,0.125,82,0.5,0,0.5,0.466666667,1,2,15,1,0.8,70,2,11,0,2,6,4,0.964103573,0.109045437,0.105049631,0.05379338,0.297995592,0.873147613,0.068778198,0.804564059,0.42440484,0.888732054,0.920447993,0.589131123,0.215475229,0.080496056,0.734565407,0
8,1,1,4,15,0,3,1,7,0.571428571,133,1,0,0,0.35,0,0,15.25,4,1.75,8,2,63,0,1,6,2,0.223008003,0.079703646,0.677996392,0.289905038,0.460080408,0.175638918,0.070029909,0.67020891,0.846403673,0.132038625,0.613459193,0.788046329,0.46015083,0.245854893,0.434040121,0
5,1,0,10,16,0,1,9,2,0.75,238,0.142857143,6,0,0.416666667,0,0,43.8,1,0.6,31,3,29,0,3,1,2,0.01730559,0.749329737,0.047131839,0.209415486,0.934153395,0.286247698,0.008019793,0.251418722,0.919356436,0.729364208,0.796366879,0.555940488,0.289124574,0.048391332,0.435433277,1
5,1,0,4,6,0,3,1,5,0.666666667,35,1,1,0,0.45,0,0,5.4,1,0.6,56,3,25,0,3,6,1,0.10231437,0.286554395,0.45315146,0.449388294,0.771859076,0.958616427,0.054837749,0.226328209,0.024751959,0.344400057,0.796267177,0.537551003,0.954876757,0.219218874,0.621033741,0
8,2,0,3,17,0,1,2,6,0.5,236,0.875,1,0.708333333,0.270833333,1,4,27.5,2,1,13,2,38,0,2,4,1,0.441298433,0.536263788,0.857563767,0.113627803,0.389198196,0.455872149,0.658844763,0.035566518,0.091456809,0.902740502,0.411877928,0.749583781,0.505960883,0.524524519,0.844057884,1
1,4,0,2,2,0,2,0,1,2,5,0,0,1,1,0,0,4,0,0,32,1,48,0,3,5,2,0.397026761,0.523902561,0.910128095,0.99426737,0.098906933,0.341062216,0.056055968,0.718102963,0.125164872,0.574701529,0.125117127,0.437066978,0.96977347,0.847020187,0.996673232,0
7,2,0,9,19,0,2,9,5,0.694444444,146,0,4,0.444444444,0.277777778,0,0,19,3,1,39,2,17,0,1,4,5,0.224113305,0.541808005,0.029573478,0.687888719,0.568617325,0.474621298,0.519805012,0.266624408,0.288628072,0.590170605,0.675962517,0.074236014,0.711104957,0.724425453,0.066303384,0
1,5,0,5,2,0,5,0,1,2,5,0,0,1,1,0,0,4,0,0,17,3,45,0,3,6,2,0.362138402,0.317575557,0.097599041,0.106172586,0.704798873,0.718869804,0.848689506,0.002443601,0.032668236,0.385487833,0.500592423,0.009949903,0.466472093,0.844981343,0.680214208,0
5,1,0,2,10,0,1,2,4,0.375,60,1,1,0,0.6,0,0,10.6,2,1.2,15,4,14,0,2,2,1,0.029551239,0.764455521,0.266155376,0.881080565,0.462481464,0.849543215,0.59279793,0.4699389,0.777970428,0.582358235,0.532807887,0.257638626,0.554231461,0.999995645,0.638381315,1